old_path	new_path	stable_id	sha256	disposition	category	aliases
docs/design/trash-dash/.DS_Store			ac02dd2f41ddc15787e93ff163e52cdac9c28b59a63200ac9c11fe8d1b76ac86	generated-metadata-removed	metadata	
docs/design/trash-dash/MULTIPART_README.md	docs/design/trash-dash/MULTIPART_README.md		37f2d4614403ff286885bfed409a50c5e3826a75ba9c28ac2f1f5bd7a8b69e3a	canonical-moved	design-support	
docs/design/trash-dash/README.md	docs/design/trash-dash/README.md		851ce4121c3d22f9a4945b484bdf18393ea2629434d93704edadf2e9614f7f36	canonical-moved	design-support	
docs/design/trash-dash/character-animation/.DS_Store			16d9ef9de083c521523660427d0405756245488010f2493ff47e0f208280848b	generated-metadata-removed	metadata	
docs/design/trash-dash/character-animation/phase-05-codex-integration/.DS_Store			797d94d3e155f91e9c1ad75455bc5ff4921f79bd92210b6d00ff6ce133acb149	generated-metadata-removed	metadata	
docs/design/trash-dash/character-animation/phase-05-codex-integration/ASSET_MAP.md	docs/design/trash-dash/packages/character-animation/phase-05-codex-integration/ASSET_MAP.md		e520adb6384f7ed598b0745a247676ed32177b2486178af4b42a858846d189e9	package-preserved	package-character-animation	
docs/design/trash-dash/character-animation/phase-05-codex-integration/CANONICAL_IMPORT_INVENTORY.json	docs/design/trash-dash/packages/character-animation/phase-05-codex-integration/CANONICAL_IMPORT_INVENTORY.json		9b0cc63487200c72592c6c681a16b7e7687d67de8f0b09513213d58cda22750d	package-preserved	package-character-animation	
docs/design/trash-dash/character-animation/phase-05-codex-integration/CODEX_IMPORT_AND_INTEGRATION_PROMPT.md	docs/design/trash-dash/packages/character-animation/phase-05-codex-integration/CODEX_IMPORT_AND_INTEGRATION_PROMPT.md		307d34985897b881f3b358d492e32852c4c3c4224167a25d5282456d8bf952f2	package-preserved	package-character-animation	
docs/design/trash-dash/character-animation/phase-05-codex-integration/FRAME_METADATA_SCHEMA.json	docs/design/trash-dash/packages/character-animation/phase-05-codex-integration/FRAME_METADATA_SCHEMA.json		fb03b01eb8524b135fb58be08956e6ce5609d92a48d3dbd4c24dfbd30b1555c2	package-preserved	package-character-animation	
docs/design/trash-dash/character-animation/phase-05-codex-integration/IMPORT_AUDIT.md	docs/design/trash-dash/packages/character-animation/phase-05-codex-integration/IMPORT_AUDIT.md		1c712b49427060b733a7ef44434a44938fda0ce07b615b69c32ae6acd74028ed	package-preserved	package-character-animation	
docs/design/trash-dash/character-animation/phase-05-codex-integration/README.md	docs/design/trash-dash/packages/character-animation/phase-05-codex-integration/README.md		f7775685fc71d8da76ffa0c701429412f098f0a8ac3a6c8c06969a947c25e3ac	package-preserved	package-character-animation	
docs/design/trash-dash/character-animation/phase-05-codex-integration/phase-01-approved-main-characters/.DS_Store			8f193714063353b4b7595be6f795d1b38771b6358bae806a5331401fc30a2ded	generated-metadata-removed	metadata	
docs/design/trash-dash/character-animation/phase-05-codex-integration/phase-01-approved-main-characters/APPROVAL.md	docs/design/trash-dash/packages/character-animation/phase-05-codex-integration/phase-01-approved-main-characters/APPROVAL.md		53ede7daeb5cdac3b1119bc61d5ba7b9bcaecea341bda390f9b99476eb01d716	package-preserved	package-character-animation	
docs/design/trash-dash/character-animation/phase-05-codex-integration/phase-01-approved-main-characters/README.md	docs/design/trash-dash/packages/character-animation/phase-05-codex-integration/phase-01-approved-main-characters/README.md		7f8e31a0472f366ff51ae1567e4e72f65cf8521141a7009d2efb8dbd49c698f6	package-preserved	package-character-animation	
docs/design/trash-dash/character-animation/phase-05-codex-integration/phase-01-approved-main-characters/atlases/jimothy-powered-approved.png	docs/design/trash-dash/packages/character-animation/phase-05-codex-integration/phase-01-approved-main-characters/atlases/jimothy-powered-approved.png		d0ecae91dfe2eb595f2f0f162e349e966d7b66a8bcc4ed841b5ed5efc73d4e4b	package-preserved	package-character-animation	
docs/design/trash-dash/character-animation/phase-05-codex-integration/phase-01-approved-main-characters/atlases/jimothy-powered-approved.png.import			08601f5387d6093a9666bdd0816801dc35df7af310ade14fbbd2d5d102c61415	generated-metadata-removed	metadata	
docs/design/trash-dash/character-animation/phase-05-codex-integration/phase-01-approved-main-characters/atlases/jimothy-regular-approved.png	docs/design/trash-dash/packages/character-animation/phase-05-codex-integration/phase-01-approved-main-characters/atlases/jimothy-regular-approved.png		8abf2ae57ef142168a70000bf43ae228e458dfbc961e2a0ead080db6cdba56ef	package-preserved	package-character-animation	
docs/design/trash-dash/character-animation/phase-05-codex-integration/phase-01-approved-main-characters/atlases/jimothy-regular-approved.png.import			0cec619f33e2373cf2f9924c05d2c4c0c1f66a47b88cb0bce2bb3e05631a4308	generated-metadata-removed	metadata	
docs/design/trash-dash/character-animation/phase-05-codex-integration/phase-01-approved-main-characters/atlases/trashy-powered-approved.png	docs/design/trash-dash/packages/character-animation/phase-05-codex-integration/phase-01-approved-main-characters/atlases/trashy-powered-approved.png		b1e0219f4e129630ddfac803607e021f40f3007fd77933c84daf9dad0207748b	package-preserved	package-character-animation	
docs/design/trash-dash/character-animation/phase-05-codex-integration/phase-01-approved-main-characters/atlases/trashy-powered-approved.png.import			22a441f19c08edb2932f01bb1b173a77d1043f91a4bb31dea6a602a35184edbe	generated-metadata-removed	metadata	
docs/design/trash-dash/character-animation/phase-05-codex-integration/phase-01-approved-main-characters/atlases/trashy-regular-approved.png	docs/design/trash-dash/packages/character-animation/phase-05-codex-integration/phase-01-approved-main-characters/atlases/trashy-regular-approved.png		64d85e6b9b40b119e87cf7fa1725cd5be076104d1c6971c77b5810ff7ff6e9e6	package-preserved	package-character-animation	
docs/design/trash-dash/character-animation/phase-05-codex-integration/phase-01-approved-main-characters/atlases/trashy-regular-approved.png.import			12454fa129934343465c9b5c09eab55122c95d481f70cef5f21ecb5d486f965b	generated-metadata-removed	metadata	
docs/design/trash-dash/character-animation/phase-05-codex-integration/phase-01-approved-main-characters/docs/jimothy-powered.md	docs/design/trash-dash/packages/character-animation/phase-05-codex-integration/phase-01-approved-main-characters/docs/jimothy-powered.md		88e595423ee1169244a7b43705094bf87ba8d5ee07700074be996396e9e0ed0c	package-preserved	package-character-animation	
docs/design/trash-dash/character-animation/phase-05-codex-integration/phase-01-approved-main-characters/docs/jimothy-regular.md	docs/design/trash-dash/packages/character-animation/phase-05-codex-integration/phase-01-approved-main-characters/docs/jimothy-regular.md		900dd61542677fb510a81a926ee571e84a10e69af816262ab3bf8d47b32206fa	package-preserved	package-character-animation	
docs/design/trash-dash/character-animation/phase-05-codex-integration/phase-01-approved-main-characters/docs/trashy-powered.md	docs/design/trash-dash/packages/character-animation/phase-05-codex-integration/phase-01-approved-main-characters/docs/trashy-powered.md		ce297c4c7711f05689478a4cdcfe95d8c9c0c7d55c5c21b50311f840950f5167	package-preserved	package-character-animation	
docs/design/trash-dash/character-animation/phase-05-codex-integration/phase-01-approved-main-characters/docs/trashy-regular.md	docs/design/trash-dash/packages/character-animation/phase-05-codex-integration/phase-01-approved-main-characters/docs/trashy-regular.md		ee6a0293e64f2b7089ada6158bf747d87a7de6eb35b5d32e34b3db1534066348	package-preserved	package-character-animation	
docs/design/trash-dash/character-animation/phase-05-codex-integration/phase-01-approved-main-characters/manifest.json	docs/design/trash-dash/packages/character-animation/phase-05-codex-integration/phase-01-approved-main-characters/manifest.json		7af5c2b1cabaff99fff9c206577037943797bd6df5427452661ac8d2cf9e3aa7	package-preserved	package-character-animation	
docs/design/trash-dash/character-animation/phase-05-codex-integration/phase-01-approved-main-characters/previews/phase-01-approved-main-characters-contact.png	docs/design/trash-dash/packages/character-animation/phase-05-codex-integration/phase-01-approved-main-characters/previews/phase-01-approved-main-characters-contact.png		0c43a13a39db7b08c14c4c380c772a31f5d29d94d32bdcf2409af85e7f06b9f4	package-preserved	package-character-animation	
docs/design/trash-dash/character-animation/phase-05-codex-integration/phase-01-approved-main-characters/previews/phase-01-approved-main-characters-contact.png.import			5988b6f11dc32a0748b76d930559846124452a3b4892089303ab6781c8e921e0	generated-metadata-removed	metadata	
docs/design/trash-dash/character-animation/phase-05-codex-integration/phase-02/README.md	docs/design/trash-dash/packages/character-animation/phase-05-codex-integration/phase-02/README.md		bfbd025c6fbe1811f040812e42c8948fac5c04d0eb071f9c922a06e00b5ef93d	package-preserved	package-character-animation	
docs/design/trash-dash/character-animation/phase-05-codex-integration/phase-02/final/bee-transparent.png	docs/design/trash-dash/packages/character-animation/phase-05-codex-integration/phase-02/final/bee-transparent.png		531b3fb6272b6fa07e1802809dd3bd91d575b23b7fc1a2b867eff53035ad53fd	package-preserved	package-character-animation	
docs/design/trash-dash/character-animation/phase-05-codex-integration/phase-02/final/bee-transparent.png.import			53ee8c8334fe130214263f9d013e633fa6394c4a454aab4eb6e5bd8ac655b97c	generated-metadata-removed	metadata	
docs/design/trash-dash/character-animation/phase-05-codex-integration/phase-02/final/dog-transparent.png	docs/design/trash-dash/packages/character-animation/phase-05-codex-integration/phase-02/final/dog-transparent.png		8febd9b7f9f81b431bf9a1f39c44f223ddeeedca2333970eac942491b6a3a21b	package-preserved	package-character-animation	
docs/design/trash-dash/character-animation/phase-05-codex-integration/phase-02/final/dog-transparent.png.import			151dcd9cece5bb45a06cae63afa151e7f23953b406031650ec2ec2db6acef03b	generated-metadata-removed	metadata	
docs/design/trash-dash/character-animation/phase-05-codex-integration/phase-02/final/mosquito-transparent.png	docs/design/trash-dash/packages/character-animation/phase-05-codex-integration/phase-02/final/mosquito-transparent.png		1ca3164b27faac424811be277c64a1534b9a1d9684805cd92dca5ad9c055392a	package-preserved	package-character-animation	
docs/design/trash-dash/character-animation/phase-05-codex-integration/phase-02/final/mosquito-transparent.png.import			563aee6a1ce9f8af1fca37f68f5b16713b5e44e3a3bab1a4370dd1ff53a92dee	generated-metadata-removed	metadata	
docs/design/trash-dash/character-animation/phase-05-codex-integration/phase-02/final/moth-dustwing-transparent.png	docs/design/trash-dash/packages/character-animation/phase-05-codex-integration/phase-02/final/moth-dustwing-transparent.png		bb08951082e4d5d2df98b748bbf83bf85a8be04a7a7ac1f88356594df6222a98	package-preserved	package-character-animation	
docs/design/trash-dash/character-animation/phase-05-codex-integration/phase-02/final/moth-dustwing-transparent.png.import			32831e55e40237409664279bfe92a1d6d4ffc5d8c75f6b60d2fdfc764850335c	generated-metadata-removed	metadata	
docs/design/trash-dash/character-animation/phase-05-codex-integration/phase-02/final/opossum-pilfer-transparent.png	docs/design/trash-dash/packages/character-animation/phase-05-codex-integration/phase-02/final/opossum-pilfer-transparent.png		e97c21956ddf8d9ccea7d7f92930c088e6c7fc4df74ffba0822b33bd1f854310	package-preserved	package-character-animation	
docs/design/trash-dash/character-animation/phase-05-codex-integration/phase-02/final/opossum-pilfer-transparent.png.import			1ec25d36acadf504e4713431306da4f61639bc13907f90362475d1bd7d8cc4e8	generated-metadata-removed	metadata	
docs/design/trash-dash/character-animation/phase-05-codex-integration/phase-02/final/pigeon-transparent.png	docs/design/trash-dash/packages/character-animation/phase-05-codex-integration/phase-02/final/pigeon-transparent.png		f592cff144a2ed9ed69c9ff3d86cb06c4144058196602bb56d06de5a6249aa25	package-preserved	package-character-animation	
docs/design/trash-dash/character-animation/phase-05-codex-integration/phase-02/final/pigeon-transparent.png.import			e2180efc4f98b343c94fab381cd801c955d8c6c9b4e54050f711c0fb37706765	generated-metadata-removed	metadata	
docs/design/trash-dash/character-animation/phase-05-codex-integration/phase-02/final/skunk-transparent.png	docs/design/trash-dash/packages/character-animation/phase-05-codex-integration/phase-02/final/skunk-transparent.png		ae0112e58c9d3318bccc54e6ed7249bf77350800f1feccd2166321eb7460d8ee	package-preserved	package-character-animation	
docs/design/trash-dash/character-animation/phase-05-codex-integration/phase-02/final/skunk-transparent.png.import			244e2dc72813c3cd85b4edfbddaa09f6baf285ab0173d6ae469fc09d33f9784f	generated-metadata-removed	metadata	
docs/design/trash-dash/character-animation/phase-05-codex-integration/phase-02/final/snake-transparent.png	docs/design/trash-dash/packages/character-animation/phase-05-codex-integration/phase-02/final/snake-transparent.png		522651fdc97058f2fd91716dcac3357045809dd106bf70fd4bb826eb2f6f012f	package-preserved	package-character-animation	
docs/design/trash-dash/character-animation/phase-05-codex-integration/phase-02/final/snake-transparent.png.import			97b8b608bf621906325313dfcc11f1e49e6427732ed20eb0e6f47f13de03de8e	generated-metadata-removed	metadata	
docs/design/trash-dash/character-animation/phase-05-codex-integration/phase-02/final/spider-transparent.png	docs/design/trash-dash/packages/character-animation/phase-05-codex-integration/phase-02/final/spider-transparent.png		c5efa22ed72d9c5f9682983aba255a6087ebfe31ba38f12a9129dfb9ba9068af	package-preserved	package-character-animation	
docs/design/trash-dash/character-animation/phase-05-codex-integration/phase-02/final/spider-transparent.png.import			ef4fc261299ae1dd3f60a40d9b2fd2ce800f791111c8a5b8d850b81014e6af92	generated-metadata-removed	metadata	
docs/design/trash-dash/character-animation/phase-05-codex-integration/phase-02/final/squirrel-transparent.png	docs/design/trash-dash/packages/character-animation/phase-05-codex-integration/phase-02/final/squirrel-transparent.png		6cff2436a1486956ce9c50631e1fb13a3cebafb32f6024404b31315127424e95	package-preserved	package-character-animation	
docs/design/trash-dash/character-animation/phase-05-codex-integration/phase-02/final/squirrel-transparent.png.import			1cf4cb5b0f9aabd6a6f8c1c5b41ccaa13f3ea17b8e379bbdcf5638955230fb3b	generated-metadata-removed	metadata	
docs/design/trash-dash/character-animation/phase-05-codex-integration/phase-02/qa/all-enemies-contact.png	docs/design/trash-dash/packages/character-animation/phase-05-codex-integration/phase-02/qa/all-enemies-contact.png		697679c6d2ba6a7320483ea1528904b87da07cf807d04f2f4e0dbc02d735279c	package-preserved	package-character-animation	
docs/design/trash-dash/character-animation/phase-05-codex-integration/phase-02/qa/all-enemies-contact.png.import			24392f1a38ab9a48adc319528fa4017da1f068e2bef0b964949a0a2f2b28c581	generated-metadata-removed	metadata	
docs/design/trash-dash/character-animation/phase-05-codex-integration/phase-02/qa/level-01-contact.png	docs/design/trash-dash/packages/character-animation/phase-05-codex-integration/phase-02/qa/level-01-contact.png		2901e769a196fd5d8b15a5907c8e870b93ef00c2647aa0f30a0c96f2f68fade4	package-preserved	package-character-animation	
docs/design/trash-dash/character-animation/phase-05-codex-integration/phase-02/qa/level-01-contact.png.import			cc32f0cb1b130639cb51be5275f3c218069723c34bd074e12ee3fefcb865062d	generated-metadata-removed	metadata	
docs/design/trash-dash/character-animation/phase-05-codex-integration/phase-02/qa/level-02-contact.png	docs/design/trash-dash/packages/character-animation/phase-05-codex-integration/phase-02/qa/level-02-contact.png		c1aab2c3d6afbd79549d8d73ec5020dbb352cf2ddc38a9da2bb76ded4b2b0f5a	package-preserved	package-character-animation	
docs/design/trash-dash/character-animation/phase-05-codex-integration/phase-02/qa/level-02-contact.png.import			a4de7e1c189bd679108d98b100ae4b2422f6e8d62d319acf09545538119b3d18	generated-metadata-removed	metadata	
docs/design/trash-dash/character-animation/phase-05-codex-integration/phase-02/qa/visual-review.json	docs/design/trash-dash/packages/character-animation/phase-05-codex-integration/phase-02/qa/visual-review.json		00dbb42f67205cf66e5d7fbde08798c8f8719dacc4a87cd97c636c61a710753d	package-preserved	package-character-animation	
docs/design/trash-dash/character-animation/phase-05-codex-integration/phase-02/run-manifest.json	docs/design/trash-dash/packages/character-animation/phase-05-codex-integration/phase-02/run-manifest.json		cf751d07115f548659ba261beee3ffae0c499761e20796621b97f01b72f91e5c	package-preserved	package-character-animation	
docs/design/trash-dash/character-animation/phase-05-codex-integration/phase-02/source-contact.png	docs/design/trash-dash/packages/character-animation/phase-05-codex-integration/phase-02/source-contact.png		b30ec899a49d883bbe84e3f551732485146368c9b607772ac03875d2224e324f	package-preserved	package-character-animation	
docs/design/trash-dash/character-animation/phase-05-codex-integration/phase-02/source-contact.png.import			72a33691eba668e49f37d530578d803547b8437f9fe5c9cf0beee279157a648e	generated-metadata-removed	metadata	
docs/design/trash-dash/character-animation/phase-05-codex-integration/phase-02/source-pack/characters/level-01/sprites/boss-trash-dash.png	docs/design/trash-dash/packages/character-animation/phase-05-codex-integration/phase-02/source-pack/characters/level-01/sprites/boss-trash-dash.png		84dd4b7f4643211cbb1b7bdbe49daf1eb260af5e3b06fd514a2429dd7e6b021c	package-preserved	package-character-animation	
docs/design/trash-dash/character-animation/phase-05-codex-integration/phase-02/source-pack/characters/level-01/sprites/boss-trash-dash.png.import			e4c3531d1cfe7c4a8be7e80b083b6660595d07b4b3e46b5d715eb1586fec1219	generated-metadata-removed	metadata	
docs/design/trash-dash/character-animation/phase-05-codex-integration/phase-02/source-pack/characters/level-01/sprites/mosquito.png	docs/design/trash-dash/packages/character-animation/phase-05-codex-integration/phase-02/source-pack/characters/level-01/sprites/mosquito.png		c79cf3d50f1c910e6ce6b356f6e6ffb41910783e6d77cbfa15bb15d1375c613e	package-preserved	package-character-animation	
docs/design/trash-dash/character-animation/phase-05-codex-integration/phase-02/source-pack/characters/level-01/sprites/mosquito.png.import			297f023cfaa01575da7f553131ff348fcce7138d61f4d7d96a56ececb65a90a3	generated-metadata-removed	metadata	
docs/design/trash-dash/character-animation/phase-05-codex-integration/phase-02/source-pack/characters/level-01/sprites/opossum-pilfer.png	docs/design/trash-dash/packages/character-animation/phase-05-codex-integration/phase-02/source-pack/characters/level-01/sprites/opossum-pilfer.png		9769bb31becee8e7730e03537ff8ce5c66cd6649b94a9972af6adb836f007ca9	package-preserved	package-character-animation	
docs/design/trash-dash/character-animation/phase-05-codex-integration/phase-02/source-pack/characters/level-01/sprites/opossum-pilfer.png.import			0e550b549e6f17bb583f3ece6c7713add4514336b00e85b29cbe33c84d5ed4b8	generated-metadata-removed	metadata	
docs/design/trash-dash/character-animation/phase-05-codex-integration/phase-02/source-pack/characters/level-01/sprites/pigeon.png	docs/design/trash-dash/packages/character-animation/phase-05-codex-integration/phase-02/source-pack/characters/level-01/sprites/pigeon.png		a81da1da901b5c52ab7bddc7e248f224f23a101a0f990aa3fb09b48a1a50c77d	package-preserved	package-character-animation	
docs/design/trash-dash/character-animation/phase-05-codex-integration/phase-02/source-pack/characters/level-01/sprites/pigeon.png.import			31b4ce4a40b0c998d75f2a5a98610d84fdbe592fc497e26a6d8a112aec2085e9	generated-metadata-removed	metadata	
docs/design/trash-dash/character-animation/phase-05-codex-integration/phase-02/source-pack/characters/level-01/sprites/snake.png	docs/design/trash-dash/packages/character-animation/phase-05-codex-integration/phase-02/source-pack/characters/level-01/sprites/snake.png		39ba9489311032b892ce3b6b5ae89e7f2edf3f4087c7046f4b7e8f3aee60a12a	package-preserved	package-character-animation	
docs/design/trash-dash/character-animation/phase-05-codex-integration/phase-02/source-pack/characters/level-01/sprites/snake.png.import			6b076178271fa96e1589fe76656f32bf4d75b4ce85e9ddf4ff3ba697ef88aa5f	generated-metadata-removed	metadata	
docs/design/trash-dash/character-animation/phase-05-codex-integration/phase-02/source-pack/characters/level-01/sprites/spider.png	docs/design/trash-dash/packages/character-animation/phase-05-codex-integration/phase-02/source-pack/characters/level-01/sprites/spider.png		93b1436586d869b2575951d7bbbad4080578487926974e5be7d4e443fdc49a15	package-preserved	package-character-animation	
docs/design/trash-dash/character-animation/phase-05-codex-integration/phase-02/source-pack/characters/level-01/sprites/spider.png.import			f049159a452cd858af60bd023165c1628d49e4db452ae2412d4974a28d411db5	generated-metadata-removed	metadata	
docs/design/trash-dash/character-animation/phase-05-codex-integration/phase-02/source-pack/characters/level-02/sprites/bee.png	docs/design/trash-dash/packages/character-animation/phase-05-codex-integration/phase-02/source-pack/characters/level-02/sprites/bee.png		de5d60f082b4363c72575e2704ed8f8ffdc9b2866d474a7ac934d8dc298b6295	package-preserved	package-character-animation	
docs/design/trash-dash/character-animation/phase-05-codex-integration/phase-02/source-pack/characters/level-02/sprites/bee.png.import			2e2d409684843c902849f8039203368171389d50c5fd1172b99c5ad57aa849ae	generated-metadata-removed	metadata	
docs/design/trash-dash/character-animation/phase-05-codex-integration/phase-02/source-pack/characters/level-02/sprites/boss-brutus-bin-hound.png	docs/design/trash-dash/packages/character-animation/phase-05-codex-integration/phase-02/source-pack/characters/level-02/sprites/boss-brutus-bin-hound.png		ddf2eb77ad8f16aa164a934b08ea6b64c0679c24bf9c3a92a4fa444813c25c1c	package-preserved	package-character-animation	
docs/design/trash-dash/character-animation/phase-05-codex-integration/phase-02/source-pack/characters/level-02/sprites/boss-brutus-bin-hound.png.import			49c5bf783b9fb12bdea146945dc715dafd086418bd22e997c88399bbb1452fa6	generated-metadata-removed	metadata	
docs/design/trash-dash/character-animation/phase-05-codex-integration/phase-02/source-pack/characters/level-02/sprites/dog.png	docs/design/trash-dash/packages/character-animation/phase-05-codex-integration/phase-02/source-pack/characters/level-02/sprites/dog.png		bf61327d5659c9c3736f2c65f461403fb320f41b928926a079876bcfec2aa2b7	package-preserved	package-character-animation	
docs/design/trash-dash/character-animation/phase-05-codex-integration/phase-02/source-pack/characters/level-02/sprites/dog.png.import			7a11b37bfbedec6ba0d4eaf1e0db941640385d964710ff40e0e9250f5f468949	generated-metadata-removed	metadata	
docs/design/trash-dash/character-animation/phase-05-codex-integration/phase-02/source-pack/characters/level-02/sprites/moth-dustwing.png	docs/design/trash-dash/packages/character-animation/phase-05-codex-integration/phase-02/source-pack/characters/level-02/sprites/moth-dustwing.png		e53bd75d6a041b7307a4d27f89db2794eb3ae2288218d71a651a44b1abd68008	package-preserved	package-character-animation	
docs/design/trash-dash/character-animation/phase-05-codex-integration/phase-02/source-pack/characters/level-02/sprites/moth-dustwing.png.import			95aaeb69e54a0d605162c24a9d1d44a0cd2ffcb3ea104651b9a5c9d705700ae2	generated-metadata-removed	metadata	
docs/design/trash-dash/character-animation/phase-05-codex-integration/phase-02/source-pack/characters/level-02/sprites/skunk.png	docs/design/trash-dash/packages/character-animation/phase-05-codex-integration/phase-02/source-pack/characters/level-02/sprites/skunk.png		1a377a375c4820d90737fbb24543714045cce756d91c1244bfdc4b57992ed1a3	package-preserved	package-character-animation	
docs/design/trash-dash/character-animation/phase-05-codex-integration/phase-02/source-pack/characters/level-02/sprites/skunk.png.import			311b62526589f9bad7fe3f68ce5b18f0f6a463d2d28fbaa7a424e4aacf15d871	generated-metadata-removed	metadata	
docs/design/trash-dash/character-animation/phase-05-codex-integration/phase-02/source-pack/characters/level-02/sprites/squirel.png	docs/design/trash-dash/packages/character-animation/phase-05-codex-integration/phase-02/source-pack/characters/level-02/sprites/squirel.png		9b4c2133914581d888cc728a156f5def82f5bf780ef802584fc44e9cc57b578b	package-preserved	package-character-animation	
docs/design/trash-dash/character-animation/phase-05-codex-integration/phase-02/source-pack/characters/level-02/sprites/squirel.png.import			1c6a528bcd210b187bc319fef9169bd8b7ffaec45015f867acf4e5ee538ce0f4	generated-metadata-removed	metadata	
docs/design/trash-dash/character-animation/phase-05-codex-integration/phase-03-variable/README.md	docs/design/trash-dash/packages/character-animation/phase-05-codex-integration/phase-03-variable/README.md		6ff876bde12964e288df49c3c7174cbc4f7621fe595328dc315c5f5f81860704	package-preserved	package-character-animation	
docs/design/trash-dash/character-animation/phase-05-codex-integration/phase-03-variable/final/alley-cat-burglar-transparent.png	docs/design/trash-dash/packages/character-animation/phase-05-codex-integration/phase-03-variable/final/alley-cat-burglar-transparent.png		e93228f33598b4bbff3bc3a769a6d0fc7873d41ef616601ae16e771d79ac2812	package-preserved	package-character-animation	
docs/design/trash-dash/character-animation/phase-05-codex-integration/phase-03-variable/final/alley-cat-burglar-transparent.png.import			4adb464c2a118070f30f3582eb9c1c55dc7c9cc1fec3abeb07ff524b08e653a8	generated-metadata-removed	metadata	
docs/design/trash-dash/character-animation/phase-05-codex-integration/phase-03-variable/final/asteroid-armadillo-transparent.png	docs/design/trash-dash/packages/character-animation/phase-05-codex-integration/phase-03-variable/final/asteroid-armadillo-transparent.png		697c0cf0482a704ad322669a051edaae04d979d7045c73ea95d4001b3312bb07	package-preserved	package-character-animation	
docs/design/trash-dash/character-animation/phase-05-codex-integration/phase-03-variable/final/asteroid-armadillo-transparent.png.import			4c2dedb4e15a7cacb572d8354bfb488b65c4bdc0b33452248b733dbb956920c4	generated-metadata-removed	metadata	
docs/design/trash-dash/character-animation/phase-05-codex-integration/phase-03-variable/final/baserunning-beaver-transparent.png	docs/design/trash-dash/packages/character-animation/phase-05-codex-integration/phase-03-variable/final/baserunning-beaver-transparent.png		029a6b02efe88e01641e0ba01a9be94383456a04818a99b3c14a610f451abf98	package-preserved	package-character-animation	
docs/design/trash-dash/character-animation/phase-05-codex-integration/phase-03-variable/final/baserunning-beaver-transparent.png.import			fd8499a3bb0123937a8851dd113352a9985734be11e6ac49415018da83537795	generated-metadata-removed	metadata	
docs/design/trash-dash/character-animation/phase-05-codex-integration/phase-03-variable/final/beaker-slime-transparent.png	docs/design/trash-dash/packages/character-animation/phase-05-codex-integration/phase-03-variable/final/beaker-slime-transparent.png		10728b652fa32b6826401e84da332cf128e733544c5395546b57300cfbd75b05	package-preserved	package-character-animation	
docs/design/trash-dash/character-animation/phase-05-codex-integration/phase-03-variable/final/beaker-slime-transparent.png.import			9adcb4c8302f00dd97c4b9180218e83aa502a7b55811b75803d211ff9f35f5e5	generated-metadata-removed	metadata	
docs/design/trash-dash/character-animation/phase-05-codex-integration/phase-03-variable/final/clipboard-hamster-transparent.png	docs/design/trash-dash/packages/character-animation/phase-05-codex-integration/phase-03-variable/final/clipboard-hamster-transparent.png		64c3ce969797424bf5e6be0f01b092dd372b11d85739ff8791ec3668bd3639f0	package-preserved	package-character-animation	
docs/design/trash-dash/character-animation/phase-05-codex-integration/phase-03-variable/final/clipboard-hamster-transparent.png.import			ed7760fb582f6420ee8ef04a47d8ab027cd39de14859b43612f107b7392078ab	generated-metadata-removed	metadata	
docs/design/trash-dash/character-animation/phase-05-codex-integration/phase-03-variable/final/clobbering-cub-transparent.png	docs/design/trash-dash/packages/character-animation/phase-05-codex-integration/phase-03-variable/final/clobbering-cub-transparent.png		f5659d916c83acee34ed5dfec9a2d97292a5201a757e90ee4eed54a5f6866e5e	package-preserved	package-character-animation	
docs/design/trash-dash/character-animation/phase-05-codex-integration/phase-03-variable/final/clobbering-cub-transparent.png.import			62b5acbcbf73c7417e13b62a1e33b8b4248c21dcf78ab230d19848f1e863dd67	generated-metadata-removed	metadata	
docs/design/trash-dash/character-animation/phase-05-codex-integration/phase-03-variable/final/mop-bot-3000-transparent.png	docs/design/trash-dash/packages/character-animation/phase-05-codex-integration/phase-03-variable/final/mop-bot-3000-transparent.png		09a74be2e2d51d0b1bcf7961c6682b3abb6b34c2df526a627bfb448be4e75254	package-preserved	package-character-animation	
docs/design/trash-dash/character-animation/phase-05-codex-integration/phase-03-variable/final/mop-bot-3000-transparent.png.import			dbc3bff149b122e9cd16f6e6c9fbad314093ceb26ab493d56e61dcb7f6384b8c	generated-metadata-removed	metadata	
docs/design/trash-dash/character-animation/phase-05-codex-integration/phase-03-variable/final/phase-gecko-transparent.png	docs/design/trash-dash/packages/character-animation/phase-05-codex-integration/phase-03-variable/final/phase-gecko-transparent.png		f3c5530f1084d088c79cc9c162c8f427c303f4990d758cec9e03d0452b10fd2f	package-preserved	package-character-animation	
docs/design/trash-dash/character-animation/phase-05-codex-integration/phase-03-variable/final/phase-gecko-transparent.png.import			d6996d58e42c36201432f85c1a3eb49d58df24e000ef99f9c9b49af1600962a5	generated-metadata-removed	metadata	
docs/design/trash-dash/character-animation/phase-05-codex-integration/phase-03-variable/final/rocket-roach-transparent.png	docs/design/trash-dash/packages/character-animation/phase-05-codex-integration/phase-03-variable/final/rocket-roach-transparent.png		465ea62948113a15e2ba92bddc971ef1c412ab1c91f21b8c1b6b629d5b73f39d	package-preserved	package-character-animation	
docs/design/trash-dash/character-animation/phase-05-codex-integration/phase-03-variable/final/rocket-roach-transparent.png.import			92ee3ac2b84befd12ac9c7fc2464b7810ee08d2cff8bb85f0bb76253921028af	generated-metadata-removed	metadata	
docs/design/trash-dash/character-animation/phase-05-codex-integration/phase-03-variable/final/satellite-hermit-crab-transparent.png	docs/design/trash-dash/packages/character-animation/phase-05-codex-integration/phase-03-variable/final/satellite-hermit-crab-transparent.png		70ef414bd63904f777260dfb4ddd4b1d2c0102f9540cb20fe14c6b52134f2947	package-preserved	package-character-animation	
docs/design/trash-dash/character-animation/phase-05-codex-integration/phase-03-variable/final/satellite-hermit-crab-transparent.png.import			6f32f02c9f54fe5f7224b13897b0350461965f163423cc3b043afb8b938c572c	generated-metadata-removed	metadata	
docs/design/trash-dash/character-animation/phase-05-codex-integration/phase-03-variable/final/sewer-rat-courier-transparent.png	docs/design/trash-dash/packages/character-animation/phase-05-codex-integration/phase-03-variable/final/sewer-rat-courier-transparent.png		669fddc072bbfc20f9372e0c2cff176c1d2a6381b51da9d2abc2b91580e20a85	package-preserved	package-character-animation	
docs/design/trash-dash/character-animation/phase-05-codex-integration/phase-03-variable/final/sewer-rat-courier-transparent.png.import			d2a098eb16a5ddd10964cde5efa6471272d4ef50a7d0cf3f78180e24e9a002a6	generated-metadata-removed	metadata	
docs/design/trash-dash/character-animation/phase-05-codex-integration/phase-03-variable/final/sliding-seagull-transparent.png	docs/design/trash-dash/packages/character-animation/phase-05-codex-integration/phase-03-variable/final/sliding-seagull-transparent.png		58edcd60c433f63143ab76e5ecc308440a2462851c254086531872aadd64ed28	package-preserved	package-character-animation	
docs/design/trash-dash/character-animation/phase-05-codex-integration/phase-03-variable/final/sliding-seagull-transparent.png.import			841477e3e676477f0651ca2af08e1cc2e21d1051a1918cad0c8e51f07820bd4f	generated-metadata-removed	metadata	
docs/design/trash-dash/character-animation/phase-05-codex-integration/phase-03-variable/final/subway-roach-transparent.png	docs/design/trash-dash/packages/character-animation/phase-05-codex-integration/phase-03-variable/final/subway-roach-transparent.png		033e4b16ead2154179505c469b4017983900e663fb88873fe9c417b3cce4ecd5	package-preserved	package-character-animation	
docs/design/trash-dash/character-animation/phase-05-codex-integration/phase-03-variable/final/subway-roach-transparent.png.import			46015e9ab9f09608c6da156aadd06cf6693e1c7c10d703e2248c813f76134b11	generated-metadata-removed	metadata	
docs/design/trash-dash/character-animation/phase-05-codex-integration/phase-03-variable/final/traffic-cone-crab-transparent.png	docs/design/trash-dash/packages/character-animation/phase-05-codex-integration/phase-03-variable/final/traffic-cone-crab-transparent.png		cc576cff6b7705671719a67bbb70f28d0b71817071c21c8544237854e77c08cc	package-preserved	package-character-animation	
docs/design/trash-dash/character-animation/phase-05-codex-integration/phase-03-variable/final/traffic-cone-crab-transparent.png.import			b02b5e2c4c456d989deb9dcaa942f17c27a5cc40cab64b8a52a8826ae4455d1e	generated-metadata-removed	metadata	
docs/design/trash-dash/character-animation/phase-05-codex-integration/phase-03-variable/final/vacuum-jelly-transparent.png	docs/design/trash-dash/packages/character-animation/phase-05-codex-integration/phase-03-variable/final/vacuum-jelly-transparent.png		f7d89b02fa03e789b022f1b52d7ca98123f0e46adfc24744b1248eee132ac56a	package-preserved	package-character-animation	
docs/design/trash-dash/character-animation/phase-05-codex-integration/phase-03-variable/final/vacuum-jelly-transparent.png.import			b406ca8972378180d372cafd2389bb30d49436bfb62f9a287805c2bf393c64a3	generated-metadata-removed	metadata	
docs/design/trash-dash/character-animation/phase-05-codex-integration/phase-03-variable/final/windup-weasel-transparent.png	docs/design/trash-dash/packages/character-animation/phase-05-codex-integration/phase-03-variable/final/windup-weasel-transparent.png		7871743f9e05da35901482eb2cddd0ee8c4f9d391a8fc12891cd35759a3b994d	package-preserved	package-character-animation	
docs/design/trash-dash/character-animation/phase-05-codex-integration/phase-03-variable/final/windup-weasel-transparent.png.import			c943ebab76f7e9f0e8af76f7aefb8fde94d45d8e6d7e07717cd6d2a64c203ae9	generated-metadata-removed	metadata	
docs/design/trash-dash/character-animation/phase-05-codex-integration/phase-03-variable/qa/level-03-contact.png	docs/design/trash-dash/packages/character-animation/phase-05-codex-integration/phase-03-variable/qa/level-03-contact.png		06253166f17207353eece1ea5527ae2f881126bb9c28bcdc1e8c53c4314d9fd0	package-preserved	package-character-animation	
docs/design/trash-dash/character-animation/phase-05-codex-integration/phase-03-variable/qa/level-03-contact.png.import			4bda6e0353b56c1fedaecc8adfdb81fda801c21533e878eed712cc84391a3156	generated-metadata-removed	metadata	
docs/design/trash-dash/character-animation/phase-05-codex-integration/phase-03-variable/qa/level-04-contact.png	docs/design/trash-dash/packages/character-animation/phase-05-codex-integration/phase-03-variable/qa/level-04-contact.png		0aba014ace003e67a70394f6446a3e29fe5ae8d166bf086f6180765faf7b73c7	package-preserved	package-character-animation	
docs/design/trash-dash/character-animation/phase-05-codex-integration/phase-03-variable/qa/level-04-contact.png.import			0183449bc7df1ba4ddd9feb0f27199cea5bbcb3bb8b75ed2e30a0e6e46ecfc0f	generated-metadata-removed	metadata	
docs/design/trash-dash/character-animation/phase-05-codex-integration/phase-03-variable/qa/level-05-contact.png	docs/design/trash-dash/packages/character-animation/phase-05-codex-integration/phase-03-variable/qa/level-05-contact.png		7cd4a6692e8f8afbf2e0006e5bad55c3c45dc04af901cfbbd92c3efbb2fb9f62	package-preserved	package-character-animation	
docs/design/trash-dash/character-animation/phase-05-codex-integration/phase-03-variable/qa/level-05-contact.png.import			b468b136a4043eaa5740951bcfc6ba5c2fd5e7fc4f557f14c69a660a73c508d5	generated-metadata-removed	metadata	
docs/design/trash-dash/character-animation/phase-05-codex-integration/phase-03-variable/qa/level-06-contact.png	docs/design/trash-dash/packages/character-animation/phase-05-codex-integration/phase-03-variable/qa/level-06-contact.png		37eb4263005dcd1d90a65c42eea6fb40f5b6b1be30c834ac63081a4f19d08427	package-preserved	package-character-animation	
docs/design/trash-dash/character-animation/phase-05-codex-integration/phase-03-variable/qa/level-06-contact.png.import			600f458473c9b33d15e82b66e04a951f7acae36cd0306a368824e675d767ed76	generated-metadata-removed	metadata	
docs/design/trash-dash/character-animation/phase-05-codex-integration/phase-03-variable/qa/level-06-generation-notes.json	docs/design/trash-dash/packages/character-animation/phase-05-codex-integration/phase-03-variable/qa/level-06-generation-notes.json		8f1e67c47c9e1dd36d1ddc2277dbc380819a6b622d263badc31f54cf414fea78	package-preserved	package-character-animation	
docs/design/trash-dash/character-animation/phase-05-codex-integration/phase-03-variable/qa/level-06-source-contact.png	docs/design/trash-dash/packages/character-animation/phase-05-codex-integration/phase-03-variable/qa/level-06-source-contact.png		f8aa4cff74c46d6a2e6f359fd54d33938f657e4ca2a1a07131d7d7eef36cedca	package-preserved	package-character-animation	
docs/design/trash-dash/character-animation/phase-05-codex-integration/phase-03-variable/qa/level-06-source-contact.png.import			7994184f53d8689cb13d2cc5eefb6c5e4f57fb50f0e72af650767bb1d6f96186	generated-metadata-removed	metadata	
docs/design/trash-dash/character-animation/phase-05-codex-integration/phase-03-variable/qa/level-06-visual-review.json	docs/design/trash-dash/packages/character-animation/phase-05-codex-integration/phase-03-variable/qa/level-06-visual-review.json		0b5b47dd11453c8a3998e3e08c3bd26ed332ad2248bccd3209eead427f0a1d65	package-preserved	package-character-animation	
docs/design/trash-dash/character-animation/phase-05-codex-integration/phase-03-variable/qa/phase-03-combined-contact.png	docs/design/trash-dash/packages/character-animation/phase-05-codex-integration/phase-03-variable/qa/phase-03-combined-contact.png		0ced4b9191d6e5b3472135de50a097797959f34f6d5efdc00f09695535373ddb	package-preserved	package-character-animation	
docs/design/trash-dash/character-animation/phase-05-codex-integration/phase-03-variable/qa/phase-03-combined-contact.png.import			69456b4491b47b7f7c8b9dde4b4e95d80a68372fbde37fa49aa76b3cf2f9ec50	generated-metadata-removed	metadata	
docs/design/trash-dash/character-animation/phase-05-codex-integration/phase-03-variable/qa/phase-03-technical-audit.tsv	docs/design/trash-dash/packages/character-animation/phase-05-codex-integration/phase-03-variable/qa/phase-03-technical-audit.tsv		b220aa34b558cb09fb8ea3767dca5a93beb60a7319dd9116be8a9d316088c23c	package-preserved	package-character-animation	
docs/design/trash-dash/character-animation/phase-05-codex-integration/phase-03-variable/qa/visual-review.json	docs/design/trash-dash/packages/character-animation/phase-05-codex-integration/phase-03-variable/qa/visual-review.json		1b40a23f0cc92bd4c31f4e2380b2593d58fb9f81404ac840f0f2aa94debed396	package-preserved	package-character-animation	
docs/design/trash-dash/character-animation/phase-05-codex-integration/phase-03-variable/run-manifest.json	docs/design/trash-dash/packages/character-animation/phase-05-codex-integration/phase-03-variable/run-manifest.json		c21050d3b778d68831b81bd535e5f589c53f2fe8a22282259f9676d4bf2a3a49	package-preserved	package-character-animation	
docs/design/trash-dash/character-animation/phase-05-codex-integration/phase-03-variable/source-pack/characters/level-03/sprites/alley-cat-burglar.png	docs/design/trash-dash/packages/character-animation/phase-05-codex-integration/phase-03-variable/source-pack/characters/level-03/sprites/alley-cat-burglar.png		b44c57884f4a592cbdf979d071c14183f9dafaa957512544f07f90e9ede00f97	package-preserved	package-character-animation	
docs/design/trash-dash/character-animation/phase-05-codex-integration/phase-03-variable/source-pack/characters/level-03/sprites/alley-cat-burglar.png.import			2f7d42e35a8204cd024c17d05a7d97e5eba8300ee265b8d5726df60caa967776	generated-metadata-removed	metadata	
docs/design/trash-dash/character-animation/phase-05-codex-integration/phase-03-variable/source-pack/characters/level-03/sprites/boss-pizza-rat-king.png	docs/design/trash-dash/packages/character-animation/phase-05-codex-integration/phase-03-variable/source-pack/characters/level-03/sprites/boss-pizza-rat-king.png		ee5c495e2f0e2cdcca6735ef472a0c3b47fe53ec23a58a0e96e6a7e7457f7255	package-preserved	package-character-animation	
docs/design/trash-dash/character-animation/phase-05-codex-integration/phase-03-variable/source-pack/characters/level-03/sprites/boss-pizza-rat-king.png.import			da752562fd58cb69d0e86f7cc7ee16a80da9dea3cab0303016f4d006c710b9a2	generated-metadata-removed	metadata	
docs/design/trash-dash/character-animation/phase-05-codex-integration/phase-03-variable/source-pack/characters/level-03/sprites/sewer-rat-courier.png	docs/design/trash-dash/packages/character-animation/phase-05-codex-integration/phase-03-variable/source-pack/characters/level-03/sprites/sewer-rat-courier.png		f1c81c500cd2b0ed3a2af5da52b323e0b47262a1a5912b30a3cbe8c3b2f53235	package-preserved	package-character-animation	
docs/design/trash-dash/character-animation/phase-05-codex-integration/phase-03-variable/source-pack/characters/level-03/sprites/sewer-rat-courier.png.import			7fbbf2cd35c71171c6ef200177e882b0474aadf42b4475a80c5cb07cef8ddf5c	generated-metadata-removed	metadata	
docs/design/trash-dash/character-animation/phase-05-codex-integration/phase-03-variable/source-pack/characters/level-03/sprites/subway-roach.png	docs/design/trash-dash/packages/character-animation/phase-05-codex-integration/phase-03-variable/source-pack/characters/level-03/sprites/subway-roach.png		3a8abd8c161cfcddf9414af8655677f406c1122834b02fbfdb4c072ffee5f671	package-preserved	package-character-animation	
docs/design/trash-dash/character-animation/phase-05-codex-integration/phase-03-variable/source-pack/characters/level-03/sprites/subway-roach.png.import			dc2be03b4085094122ca254f3fd0c8a09359ff43db8de0f672158900819c36fa	generated-metadata-removed	metadata	
docs/design/trash-dash/character-animation/phase-05-codex-integration/phase-03-variable/source-pack/characters/level-03/sprites/traffic-cone-crab.png	docs/design/trash-dash/packages/character-animation/phase-05-codex-integration/phase-03-variable/source-pack/characters/level-03/sprites/traffic-cone-crab.png		d25e7e0c667246a0939982fb9a648fa4b80fc86ab4ad889b8a7c408bab36412a	package-preserved	package-character-animation	
docs/design/trash-dash/character-animation/phase-05-codex-integration/phase-03-variable/source-pack/characters/level-03/sprites/traffic-cone-crab.png.import			570f7f985562d20ec21710ed0cb3c21737127f30d6a6dc47ffe1d2464687df36	generated-metadata-removed	metadata	
docs/design/trash-dash/character-animation/phase-05-codex-integration/phase-03-variable/source-pack/characters/level-04/sprites/beaker-slime.png	docs/design/trash-dash/packages/character-animation/phase-05-codex-integration/phase-03-variable/source-pack/characters/level-04/sprites/beaker-slime.png		63c8ac925bad5ead047e5a991bceb09a1d7014e8a1c6ae6e5dc9f655f89c5826	package-preserved	package-character-animation	
docs/design/trash-dash/character-animation/phase-05-codex-integration/phase-03-variable/source-pack/characters/level-04/sprites/beaker-slime.png.import			13c26cfb782725815dc18ac415376d26a01083a2c0862204d12a35aecf98b313	generated-metadata-removed	metadata	
docs/design/trash-dash/character-animation/phase-05-codex-integration/phase-03-variable/source-pack/characters/level-04/sprites/boss-project-opossum.png	docs/design/trash-dash/packages/character-animation/phase-05-codex-integration/phase-03-variable/source-pack/characters/level-04/sprites/boss-project-opossum.png		9d7eaab0811ac5b678493812773f80280a77eacbf16724eb9a316e2b344a8719	package-preserved	package-character-animation	
docs/design/trash-dash/character-animation/phase-05-codex-integration/phase-03-variable/source-pack/characters/level-04/sprites/boss-project-opossum.png.import			3167f03d7e8f0d965b09a9369139a77ad1797bcb1c79cf1116456fbdab9143de	generated-metadata-removed	metadata	
docs/design/trash-dash/character-animation/phase-05-codex-integration/phase-03-variable/source-pack/characters/level-04/sprites/clipboard-hamster.png	docs/design/trash-dash/packages/character-animation/phase-05-codex-integration/phase-03-variable/source-pack/characters/level-04/sprites/clipboard-hamster.png		a07a7f4d219bc79a22af93f738ea6afd7957c96ba241c8c36deaa4e8d55d197d	package-preserved	package-character-animation	
docs/design/trash-dash/character-animation/phase-05-codex-integration/phase-03-variable/source-pack/characters/level-04/sprites/clipboard-hamster.png.import			25013cf70242c2d9bf85e92523a192ec6a70bbaddb63c3cca5961ac2420c3d9b	generated-metadata-removed	metadata	
docs/design/trash-dash/character-animation/phase-05-codex-integration/phase-03-variable/source-pack/characters/level-04/sprites/mop-bot-3000.png	docs/design/trash-dash/packages/character-animation/phase-05-codex-integration/phase-03-variable/source-pack/characters/level-04/sprites/mop-bot-3000.png		f84e67091716a219c99ae85cf691ae90b693ff725625c6000ad8242d245a6bde	package-preserved	package-character-animation	
docs/design/trash-dash/character-animation/phase-05-codex-integration/phase-03-variable/source-pack/characters/level-04/sprites/mop-bot-3000.png.import			c126f43609177945a699adefa33af12c2cbf036c5fd4ece7449b8315c818e769	generated-metadata-removed	metadata	
docs/design/trash-dash/character-animation/phase-05-codex-integration/phase-03-variable/source-pack/characters/level-04/sprites/phase-gecko.png	docs/design/trash-dash/packages/character-animation/phase-05-codex-integration/phase-03-variable/source-pack/characters/level-04/sprites/phase-gecko.png		06d2de1f1d4e38894960e571da32f77898bed8bc0dc56b240e46b8a62a996d28	package-preserved	package-character-animation	
docs/design/trash-dash/character-animation/phase-05-codex-integration/phase-03-variable/source-pack/characters/level-04/sprites/phase-gecko.png.import			00813c08258ccaefd2ea0f117b628b0434e9dc8df4a1dd2d9223220982805743	generated-metadata-removed	metadata	
docs/design/trash-dash/character-animation/phase-05-codex-integration/phase-03-variable/source-pack/characters/level-05/sprites/asteroid-armadillo.png	docs/design/trash-dash/packages/character-animation/phase-05-codex-integration/phase-03-variable/source-pack/characters/level-05/sprites/asteroid-armadillo.png		c7d0d1462e1c8ad1f61adda63071e66ccbb7a1e32acb0dd64e7d9dbd01d05e60	package-preserved	package-character-animation	
docs/design/trash-dash/character-animation/phase-05-codex-integration/phase-03-variable/source-pack/characters/level-05/sprites/asteroid-armadillo.png.import			dea6ff35662c72ab8c8127b4d8c8eda1f0db329b04e9af31cbbb788ada65186b	generated-metadata-removed	metadata	
docs/design/trash-dash/character-animation/phase-05-codex-integration/phase-03-variable/source-pack/characters/level-05/sprites/boss-galactogobbler.png	docs/design/trash-dash/packages/character-animation/phase-05-codex-integration/phase-03-variable/source-pack/characters/level-05/sprites/boss-galactogobbler.png		9c1896aa4b61bed52586e4b1df3dbeca002e3edb09da536ab17945332284ace4	package-preserved	package-character-animation	
docs/design/trash-dash/character-animation/phase-05-codex-integration/phase-03-variable/source-pack/characters/level-05/sprites/boss-galactogobbler.png.import			30fd583009f4a90e38018116362d00a878a473fc623accbbdfe54837f2316484	generated-metadata-removed	metadata	
docs/design/trash-dash/character-animation/phase-05-codex-integration/phase-03-variable/source-pack/characters/level-05/sprites/rocket-roach.png	docs/design/trash-dash/packages/character-animation/phase-05-codex-integration/phase-03-variable/source-pack/characters/level-05/sprites/rocket-roach.png		72b0c488194b261245ca70d7e146bceb7e9a4a9ff8292de19bdecfb341761457	package-preserved	package-character-animation	
docs/design/trash-dash/character-animation/phase-05-codex-integration/phase-03-variable/source-pack/characters/level-05/sprites/rocket-roach.png.import			4947533a8ee40a40d72edf5af6bf92dd16ff3f689e0dba484c987aa5940fad12	generated-metadata-removed	metadata	
docs/design/trash-dash/character-animation/phase-05-codex-integration/phase-03-variable/source-pack/characters/level-05/sprites/satellite-hermit-crab.png	docs/design/trash-dash/packages/character-animation/phase-05-codex-integration/phase-03-variable/source-pack/characters/level-05/sprites/satellite-hermit-crab.png		d75d309b7074f35efeb4ca77bf662cbc9636c393976f079fbc8e6ea304044401	package-preserved	package-character-animation	
docs/design/trash-dash/character-animation/phase-05-codex-integration/phase-03-variable/source-pack/characters/level-05/sprites/satellite-hermit-crab.png.import			79beb7725b3fbc0a27b15d1f52fab084d4f9338a90c641be196b553ece820356	generated-metadata-removed	metadata	
docs/design/trash-dash/character-animation/phase-05-codex-integration/phase-03-variable/source-pack/characters/level-05/sprites/vacuum-jelly.png	docs/design/trash-dash/packages/character-animation/phase-05-codex-integration/phase-03-variable/source-pack/characters/level-05/sprites/vacuum-jelly.png		9d845f875dcde4d826292b970814fed0464e3d3e24b1ddc175724c03609dc869	package-preserved	package-character-animation	
docs/design/trash-dash/character-animation/phase-05-codex-integration/phase-03-variable/source-pack/characters/level-05/sprites/vacuum-jelly.png.import			2f2a1f84d6a2fded404c0c93e2e0baa43c449de73fcc166a6c496ce858869d4a	generated-metadata-removed	metadata	
docs/design/trash-dash/character-animation/phase-05-codex-integration/phase-03-variable/source-pack/characters/level-06/sprites/baserunning-beaver.png	docs/design/trash-dash/packages/character-animation/phase-05-codex-integration/phase-03-variable/source-pack/characters/level-06/sprites/baserunning-beaver.png		8de622cee29b44ace42f22a4b193636e07536e3917fda774b125f93aa6cbedfa	package-preserved	package-character-animation	
docs/design/trash-dash/character-animation/phase-05-codex-integration/phase-03-variable/source-pack/characters/level-06/sprites/baserunning-beaver.png.import			4852e957f8b2bbd134a9fbcba3c5d74907ccbf41241550e2d228c4c0e055f435	generated-metadata-removed	metadata	
docs/design/trash-dash/character-animation/phase-05-codex-integration/phase-03-variable/source-pack/characters/level-06/sprites/boss-diamond-don.png	docs/design/trash-dash/packages/character-animation/phase-05-codex-integration/phase-03-variable/source-pack/characters/level-06/sprites/boss-diamond-don.png		f6132b478842f9cf6a5d54b32072e3ac1027aad3b1835350b40be680b483f5ac	package-preserved	package-character-animation	
docs/design/trash-dash/character-animation/phase-05-codex-integration/phase-03-variable/source-pack/characters/level-06/sprites/boss-diamond-don.png.import			539c63bbeb80927b61457273b9ada40c4dc4f8136239a156ee7eb1931abfd7be	generated-metadata-removed	metadata	
docs/design/trash-dash/character-animation/phase-05-codex-integration/phase-03-variable/source-pack/characters/level-06/sprites/clobbering-cub.png	docs/design/trash-dash/packages/character-animation/phase-05-codex-integration/phase-03-variable/source-pack/characters/level-06/sprites/clobbering-cub.png		105e5c899377729426fac3000883885a24d573f2f528ba683322d884b28fac2f	package-preserved	package-character-animation	
docs/design/trash-dash/character-animation/phase-05-codex-integration/phase-03-variable/source-pack/characters/level-06/sprites/clobbering-cub.png.import			908692fce0a4b962a0e4c200de22bbe82b89db81da9ab019d94836e6bf5e4c9d	generated-metadata-removed	metadata	
docs/design/trash-dash/character-animation/phase-05-codex-integration/phase-03-variable/source-pack/characters/level-06/sprites/sliding-seagull.png	docs/design/trash-dash/packages/character-animation/phase-05-codex-integration/phase-03-variable/source-pack/characters/level-06/sprites/sliding-seagull.png		f3fa9ba1e9e4c89658780cb388c89505d82b3581690586b673fe5fb783d03082	package-preserved	package-character-animation	
docs/design/trash-dash/character-animation/phase-05-codex-integration/phase-03-variable/source-pack/characters/level-06/sprites/sliding-seagull.png.import			a82335ebb0b31ae39b95d5394f0251aed3b854d644773522a251407ef0300100	generated-metadata-removed	metadata	
docs/design/trash-dash/character-animation/phase-05-codex-integration/phase-03-variable/source-pack/characters/level-06/sprites/windup-weasel.png	docs/design/trash-dash/packages/character-animation/phase-05-codex-integration/phase-03-variable/source-pack/characters/level-06/sprites/windup-weasel.png		9eb7bc927b63e1ac7fef26e10d1c0cc787d9a0c5d615e97019ec2159b9edc7b2	package-preserved	package-character-animation	
docs/design/trash-dash/character-animation/phase-05-codex-integration/phase-03-variable/source-pack/characters/level-06/sprites/windup-weasel.png.import			e346d075efe31dd07cd6358db1eba521deb72625833de98d815cc5db3a07d98d	generated-metadata-removed	metadata	
docs/design/trash-dash/character-animation/phase-05-codex-integration/phase-04-bosses/.DS_Store			a74024028ef11481260c51d1ba63b3dc31858082f81cdf8765f6eb7194d988fa	generated-metadata-removed	metadata	
docs/design/trash-dash/character-animation/phase-05-codex-integration/phase-04-bosses/README.md	docs/design/trash-dash/packages/character-animation/phase-05-codex-integration/phase-04-bosses/README.md		30ca01c3a21259bd0fc0290270a6352cbacc9d1de9168cfe17372d233bc4af9f	package-preserved	package-character-animation	
docs/design/trash-dash/character-animation/phase-05-codex-integration/phase-04-bosses/final/boss-brutus-bin-hound-transparent.png	docs/design/trash-dash/packages/character-animation/phase-05-codex-integration/phase-04-bosses/final/boss-brutus-bin-hound-transparent.png		2fb68f090e668dc662dbf5d92a08f15699a0f4afc8f5d864da82d27927da1cf1	package-preserved	package-character-animation	
docs/design/trash-dash/character-animation/phase-05-codex-integration/phase-04-bosses/final/boss-brutus-bin-hound-transparent.png.import			5ba2630725ecf6689b61aad9b886ed2f86e5b617fcfd08d7a7cbf96c474bfa61	generated-metadata-removed	metadata	
docs/design/trash-dash/character-animation/phase-05-codex-integration/phase-04-bosses/final/boss-diamond-don-transparent.png	docs/design/trash-dash/packages/character-animation/phase-05-codex-integration/phase-04-bosses/final/boss-diamond-don-transparent.png		7376000f332ef2ee4d58602b0843018c908ccbb0cd014fefb8e38d3704252bb8	package-preserved	package-character-animation	
docs/design/trash-dash/character-animation/phase-05-codex-integration/phase-04-bosses/final/boss-diamond-don-transparent.png.import			453698e3fa91c25410805c5b0c1acf29f3d9d917436de5cbac6268afbf52da9f	generated-metadata-removed	metadata	
docs/design/trash-dash/character-animation/phase-05-codex-integration/phase-04-bosses/final/boss-galactogobbler-transparent.png	docs/design/trash-dash/packages/character-animation/phase-05-codex-integration/phase-04-bosses/final/boss-galactogobbler-transparent.png		3a030409a4ee38c38ece7137f4a5f6484b629b12ec9dcc9760e8ecd18015f15a	package-preserved	package-character-animation	
docs/design/trash-dash/character-animation/phase-05-codex-integration/phase-04-bosses/final/boss-galactogobbler-transparent.png.import			d96ed04a03bc7dcce4cb0e13a273e610f943d8f41a9db6eb9a944daa7d797c55	generated-metadata-removed	metadata	
docs/design/trash-dash/character-animation/phase-05-codex-integration/phase-04-bosses/final/boss-pizza-rat-king-transparent.png	docs/design/trash-dash/packages/character-animation/phase-05-codex-integration/phase-04-bosses/final/boss-pizza-rat-king-transparent.png		be59825e4827ad39c08e50f1cb6218424b1db6b37730cc63c98eccf20a290a56	package-preserved	package-character-animation	
docs/design/trash-dash/character-animation/phase-05-codex-integration/phase-04-bosses/final/boss-pizza-rat-king-transparent.png.import			0ef01971633ebba71209e8e52529dbd810785106dc8afd0548af106490507516	generated-metadata-removed	metadata	
docs/design/trash-dash/character-animation/phase-05-codex-integration/phase-04-bosses/final/boss-project-opossum-transparent.png	docs/design/trash-dash/packages/character-animation/phase-05-codex-integration/phase-04-bosses/final/boss-project-opossum-transparent.png		4c4800ff595705b7f9f13b89b01b5d2e7aecea1f4240d01d48607e5d7feda610	package-preserved	package-character-animation	
docs/design/trash-dash/character-animation/phase-05-codex-integration/phase-04-bosses/final/boss-project-opossum-transparent.png.import			a7d17622f093ba35cf7da2cc51f1bd50e46ba86bfa5fbcc0a469607d5bed28e2	generated-metadata-removed	metadata	
docs/design/trash-dash/character-animation/phase-05-codex-integration/phase-04-bosses/final/boss-trash-dash-transparent.png	docs/design/trash-dash/packages/character-animation/phase-05-codex-integration/phase-04-bosses/final/boss-trash-dash-transparent.png		85f85f67a46c028dbf6a416cc90cf71c7be58dff95a73f9774439fee7d1ba96f	package-preserved	package-character-animation	
docs/design/trash-dash/character-animation/phase-05-codex-integration/phase-04-bosses/final/boss-trash-dash-transparent.png.import			998bf7bdc1743bef353b1f0314c8a694c35c8f83429687ffa52b7910d8b7701b	generated-metadata-removed	metadata	
docs/design/trash-dash/character-animation/phase-05-codex-integration/phase-04-bosses/qa/levels-01-02-contact.png	docs/design/trash-dash/packages/character-animation/phase-05-codex-integration/phase-04-bosses/qa/levels-01-02-contact.png		7a33d42e211fb26cd94c348451bc822ad216aba0be844e0246c150247696dc7c	package-preserved	package-character-animation	
docs/design/trash-dash/character-animation/phase-05-codex-integration/phase-04-bosses/qa/levels-01-02-contact.png.import			34a1dd0bac9ffc465e535983079ab3cfd5f43e9c1e0683e0b6f4c3bc87feb053	generated-metadata-removed	metadata	
docs/design/trash-dash/character-animation/phase-05-codex-integration/phase-04-bosses/qa/levels-03-04-contact.png	docs/design/trash-dash/packages/character-animation/phase-05-codex-integration/phase-04-bosses/qa/levels-03-04-contact.png		ecef7677af0a62d33cb1d201b295e3cd30e93b926279e8a1b1bf4561a48e1de3	package-preserved	package-character-animation	
docs/design/trash-dash/character-animation/phase-05-codex-integration/phase-04-bosses/qa/levels-03-04-contact.png.import			e106ba20d216e01c4adc67263ac9210a3a91c7c2c79c94cf02cb6b5c9584361c	generated-metadata-removed	metadata	
docs/design/trash-dash/character-animation/phase-05-codex-integration/phase-04-bosses/qa/levels-05-06-contact.png	docs/design/trash-dash/packages/character-animation/phase-05-codex-integration/phase-04-bosses/qa/levels-05-06-contact.png		d18217100aea5aa2108cfdfabeb3731471f9675da0f05565f648350665b17a96	package-preserved	package-character-animation	
docs/design/trash-dash/character-animation/phase-05-codex-integration/phase-04-bosses/qa/levels-05-06-contact.png.import			6f2b110df1e9cec99a6bb8136bb2b67af265a9cbf59541e0e92ddfd031a4935d	generated-metadata-removed	metadata	
docs/design/trash-dash/character-animation/phase-05-codex-integration/phase-04-bosses/qa/phase-04-combined-contact.png	docs/design/trash-dash/packages/character-animation/phase-05-codex-integration/phase-04-bosses/qa/phase-04-combined-contact.png		242f40ace2aeca61de814d3336fbbaf6fdc73061c4b1ef682b34fe8175c8dc9b	package-preserved	package-character-animation	
docs/design/trash-dash/character-animation/phase-05-codex-integration/phase-04-bosses/qa/phase-04-combined-contact.png.import			51b548699cc541bbaba42b4a194fc4ec738d4a428817bbb6abd32db6f018e416	generated-metadata-removed	metadata	
docs/design/trash-dash/character-animation/phase-05-codex-integration/phase-04-bosses/qa/phase-04-source-contact.png	docs/design/trash-dash/packages/character-animation/phase-05-codex-integration/phase-04-bosses/qa/phase-04-source-contact.png		31fff8ea133ab4e7a73fa79f8d28c48cf5cd0cac92368fff137dd9489070c615	package-preserved	package-character-animation	
docs/design/trash-dash/character-animation/phase-05-codex-integration/phase-04-bosses/qa/phase-04-source-contact.png.import			d6152cd3f110838d86f55c6c933398f103cd0b2615e0d31e3350050d7be4f55d	generated-metadata-removed	metadata	
docs/design/trash-dash/character-animation/phase-05-codex-integration/phase-04-bosses/qa/visual-review.json	docs/design/trash-dash/packages/character-animation/phase-05-codex-integration/phase-04-bosses/qa/visual-review.json		9a7a03c24aa68c986a70472e4f67ea72ce02ccee01600c0295e59cd13d9c533f	package-preserved	package-character-animation	
docs/design/trash-dash/character-animation/phase-05-codex-integration/phase-04-bosses/run-manifest.json	docs/design/trash-dash/packages/character-animation/phase-05-codex-integration/phase-04-bosses/run-manifest.json		049f5796061bee875975f39d7a7c741fedc8ce8033f9e59daff2d55bfff2b75b	package-preserved	package-character-animation	
docs/design/trash-dash/character-animation/phase-05-codex-integration/phase-04-bosses/source/level-01/boss-trash-dash.png	docs/design/trash-dash/packages/character-animation/phase-05-codex-integration/phase-04-bosses/source/level-01/boss-trash-dash.png		84dd4b7f4643211cbb1b7bdbe49daf1eb260af5e3b06fd514a2429dd7e6b021c	package-preserved	package-character-animation	
docs/design/trash-dash/character-animation/phase-05-codex-integration/phase-04-bosses/source/level-01/boss-trash-dash.png.import			9f5817c44ba07c61fbfb10b625bebbd824a439e4fc7ac121af2f72e2c81774c2	generated-metadata-removed	metadata	
docs/design/trash-dash/character-animation/phase-05-codex-integration/phase-04-bosses/source/level-02/boss-brutus-bin-hound.png	docs/design/trash-dash/packages/character-animation/phase-05-codex-integration/phase-04-bosses/source/level-02/boss-brutus-bin-hound.png		ddf2eb77ad8f16aa164a934b08ea6b64c0679c24bf9c3a92a4fa444813c25c1c	package-preserved	package-character-animation	
docs/design/trash-dash/character-animation/phase-05-codex-integration/phase-04-bosses/source/level-02/boss-brutus-bin-hound.png.import			1dcf6857412b3b30fd2cb41109a01c3a02d30da564d80ba4cadf20197617c955	generated-metadata-removed	metadata	
docs/design/trash-dash/character-animation/phase-05-codex-integration/phase-04-bosses/source/level-03/boss-pizza-rat-king.png	docs/design/trash-dash/packages/character-animation/phase-05-codex-integration/phase-04-bosses/source/level-03/boss-pizza-rat-king.png		ee5c495e2f0e2cdcca6735ef472a0c3b47fe53ec23a58a0e96e6a7e7457f7255	package-preserved	package-character-animation	
docs/design/trash-dash/character-animation/phase-05-codex-integration/phase-04-bosses/source/level-03/boss-pizza-rat-king.png.import			0bc73b08252bafc3e80d33eec1e0fbcd745d0ad66f65b2ae876c1dc549e865b9	generated-metadata-removed	metadata	
docs/design/trash-dash/character-animation/phase-05-codex-integration/phase-04-bosses/source/level-04/boss-project-opossum.png	docs/design/trash-dash/packages/character-animation/phase-05-codex-integration/phase-04-bosses/source/level-04/boss-project-opossum.png		9d7eaab0811ac5b678493812773f80280a77eacbf16724eb9a316e2b344a8719	package-preserved	package-character-animation	
docs/design/trash-dash/character-animation/phase-05-codex-integration/phase-04-bosses/source/level-04/boss-project-opossum.png.import			a75e4c00cbd2e939854d361a610cd6decf673ed9bbb7469d7578fe1eb65f3958	generated-metadata-removed	metadata	
docs/design/trash-dash/character-animation/phase-05-codex-integration/phase-04-bosses/source/level-05/boss-galactogobbler.png	docs/design/trash-dash/packages/character-animation/phase-05-codex-integration/phase-04-bosses/source/level-05/boss-galactogobbler.png		9c1896aa4b61bed52586e4b1df3dbeca002e3edb09da536ab17945332284ace4	package-preserved	package-character-animation	
docs/design/trash-dash/character-animation/phase-05-codex-integration/phase-04-bosses/source/level-05/boss-galactogobbler.png.import			071bae6974fabafdc975a9183e07971d9de37ecbf0c7d8d8dc034c3c4bd1fc98	generated-metadata-removed	metadata	
docs/design/trash-dash/character-animation/phase-05-codex-integration/phase-04-bosses/source/level-06/boss-diamond-don.png	docs/design/trash-dash/packages/character-animation/phase-05-codex-integration/phase-04-bosses/source/level-06/boss-diamond-don.png		f6132b478842f9cf6a5d54b32072e3ac1027aad3b1835350b40be680b483f5ac	package-preserved	package-character-animation	
docs/design/trash-dash/character-animation/phase-05-codex-integration/phase-04-bosses/source/level-06/boss-diamond-don.png.import			a8ff59af72cbe10bcad1443c266bedb981a6e4efc105913d47370881ada66a28	generated-metadata-removed	metadata	
docs/design/trash-dash/character-animation/phase-05-codex-integration/qa/SHA256SUMS	docs/design/trash-dash/packages/character-animation/phase-05-codex-integration/qa/SHA256SUMS		0bbaf8abdc3285ddbaa43fcafbc7a9ee2af869e3df2a396ab9395c9615352d2c	package-preserved	package-character-animation	
docs/design/trash-dash/character-animation/phase-05-codex-integration/run-manifest.json	docs/design/trash-dash/packages/character-animation/phase-05-codex-integration/run-manifest.json		852860f2a8269647cf14cd8c3f2c9bfa07a161708e8ca15bd19a6c83b4c8f312	package-preserved	package-character-animation	
docs/design/trash-dash/docs/.DS_Store			6e9ed760ca421831768df2cfcff7dad031c08669db64f047fc752df759ee2f19	generated-metadata-removed	metadata	
docs/design/trash-dash/docs/game/.DS_Store			ea3358d8c010361abb4cc7ffc498831e1ea5d6c77304e2f64bbd22b888031c3c	generated-metadata-removed	metadata	
docs/design/trash-dash/docs/game/APPROVED_ASSET_POLICY.md	docs/design/trash-dash/manuals/APPROVED_ASSET_POLICY.md	manual.APPROVED_ASSET_POLICY	d67133e9440086dd51f5894dc8dc7d1ce70a14933a61328a7a67c35d70dd80f9	canonical-moved	game-manual	
docs/design/trash-dash/docs/game/APPROVED_MAIN_CHARACTERS.md	docs/design/trash-dash/manuals/characters/APPROVED_MAIN_CHARACTERS.md	manual.APPROVED_MAIN_CHARACTERS	a1819653a70414793253e17be24ab5c973d73fcb5275e61fc88581ca70c05f6f	canonical-moved	game-manual	
docs/design/trash-dash/docs/game/DECISIONS.md	docs/design/trash-dash/manuals/DECISIONS.md	manual.DECISIONS	fb145c95e709dd95ebe3c9be342631032504afb13199b8dd81887504749e34a1	canonical-moved	game-manual	
docs/design/trash-dash/docs/game/ITEMS_POWERUPS_UI_REWARDS.md	docs/design/trash-dash/manuals/gameplay/ITEMS_POWERUPS_UI_REWARDS.md	manual.ITEMS_POWERUPS_UI_REWARDS	5c5625ec22d149ab69a55e4ca7e452205990fffbd18f8c5909a8a62b9f7647ee	canonical-moved	game-manual	
docs/design/trash-dash/docs/game/LEVEL_LAYOUT_GUIDANCE.md	docs/design/trash-dash/manuals/levels/LEVEL_LAYOUT_GUIDANCE.md	manual.LEVEL_LAYOUT_GUIDANCE	bcd2e3a80c171565aeadcd1fdd8cf072375352967c85cc25e688a67b1fc327c6	canonical-moved	game-manual	
docs/design/trash-dash/docs/game/MAIN_CHARACTERS.md	docs/design/trash-dash/manuals/characters/MAIN_CHARACTERS.md	manual.MAIN_CHARACTERS	7d229f5a5ede7e113d3bfb63438b055e97b3b0bb7069edebf54e1a5021229547	canonical-moved	game-manual	
docs/design/trash-dash/docs/game/bosses/BOSSFIX.md	docs/design/trash-dash/manuals/bosses/BOSSFIX.md	manual.bosses.BOSSFIX	2d0ef80021307cb14bb7e0b106851d2e2ea785a538dc02904d6366f806a96267	canonical-moved	boss-manual	
docs/design/trash-dash/docs/game/bosses/BRUTUS_BIN_HOUND.md	docs/design/trash-dash/manuals/bosses/BRUTUS_BIN_HOUND.md	manual.bosses.BRUTUS_BIN_HOUND	5bc5f3ed159c6d88d689cbc5fed1a89066d955108e8c7d98924edae5ac837f42	canonical-moved	boss-manual	
docs/design/trash-dash/docs/game/bosses/DIAMOND_DON.md	docs/design/trash-dash/manuals/bosses/DIAMOND_DON.md	manual.bosses.DIAMOND_DON	9eb9366ff6dad82059f9a32ff03d0c84bee77bc0a88890086f7f822409aca6ba	canonical-moved	boss-manual	
docs/design/trash-dash/docs/game/bosses/GALACTOGOBBLER.md	docs/design/trash-dash/manuals/bosses/GALACTOGOBBLER.md	manual.bosses.GALACTOGOBBLER	0530df5df1a3fce4ef40be160ef188fac62327f3852e933bdcefa3c1a9eb846c	canonical-moved	boss-manual	
docs/design/trash-dash/docs/game/bosses/PIZZA_RAT_KING.md	docs/design/trash-dash/manuals/bosses/PIZZA_RAT_KING.md	manual.bosses.PIZZA_RAT_KING	268e7bcd511fd0717a18ca5649ca310fe9758fa4449b6163daa762d142de0856	canonical-moved	boss-manual	
docs/design/trash-dash/docs/game/bosses/PROJECT_OPOSSUM.md	docs/design/trash-dash/manuals/bosses/PROJECT_OPOSSUM.md	manual.bosses.PROJECT_OPOSSUM	1e807e7a9af808d132c2cee148f0c80090846d96bfc1d048db5c27ffd3a1f50b	canonical-moved	boss-manual	
docs/design/trash-dash/docs/game/bosses/README.md	docs/design/trash-dash/manuals/bosses/README.md	manual.bosses.README	8c36b42782438280c5632e9d62771d2c408df6aa5cd2fa8629ee712ff06f5645	canonical-moved	boss-manual	
docs/design/trash-dash/docs/game/bosses/TRASH_DASH.md	docs/design/trash-dash/manuals/bosses/TRASH_DASH.md	manual.bosses.TRASH_DASH	ef7583cd3b80a03ec16a6f36f730d6fe13a50ca79665613aac1bc8cb05e67505	canonical-moved	boss-manual	
docs/design/trash-dash/docs/game/enemies.md	docs/design/trash-dash/manuals/enemies/legacy-enemies.md	manual.legacy-enemies	95c65ccc7a42641f55accf2737b467b2a4516f79ed5338e91f80fdab4d132bd6	canonical-moved	game-manual	
docs/design/trash-dash/docs/game/enemy-canon/ASSET_MANIFEST.md	docs/design/trash-dash/manuals/enemies/ASSET_MANIFEST.md	manual.enemies.ASSET_MANIFEST	91ae763e570cc21148dd1e82f6916d136bef036f7617ba61a86d66c5e43e1fa6	canonical-moved	enemy-manual	
docs/design/trash-dash/docs/game/enemy-canon/CHANGELOG.md	docs/design/trash-dash/manuals/enemies/CHANGELOG.md	manual.enemies.CHANGELOG	be481573e67a5cdcbf773cb03843bd3b4b384498dbb424be1da82511e0d7482b	canonical-moved	enemy-manual	
docs/design/trash-dash/docs/game/enemy-canon/ENEMY_INDEX.yaml	docs/design/trash-dash/manuals/enemies/ENEMY_INDEX.yaml	manual.enemies.ENEMY_INDEX	6bfafd604eb41b5c76677997238e27edb320d294cf17fe5a31ec0bfe555334d8	canonical-moved	enemy-manual	
docs/design/trash-dash/docs/game/enemy-canon/ENEMY_MASTER_CONTRACT.md	docs/design/trash-dash/manuals/enemies/ENEMY_MASTER_CONTRACT.md	manual.enemies.ENEMY_MASTER_CONTRACT	88c731c5112252bbb73e4ce1f3d589f6ec9e0217c65164a96a4869339a845461	canonical-moved	enemy-manual	
docs/design/trash-dash/docs/game/enemy-canon/LEVEL_01.md	docs/design/trash-dash/manuals/enemies/LEVEL_01.md	manual.enemies.LEVEL_01	73e41d6391c0ccf805c7c73f36d70c37e015137eafc71681db9544139521faa5	canonical-moved	enemy-manual	
docs/design/trash-dash/docs/game/enemy-canon/LEVEL_02.md	docs/design/trash-dash/manuals/enemies/LEVEL_02.md	manual.enemies.LEVEL_02	68b216b117ff241ac08dd4ef3fda1e6d789a8818852bdf16ccfb719cefa3e26f	canonical-moved	enemy-manual	
docs/design/trash-dash/docs/game/enemy-canon/LEVEL_03.md	docs/design/trash-dash/manuals/enemies/LEVEL_03.md	manual.enemies.LEVEL_03	17ccac2e35c062da2fa05200d88542b3f9ba7f0e6d493357ae47a5789c895a93	canonical-moved	enemy-manual	
docs/design/trash-dash/docs/game/enemy-canon/LEVEL_04.md	docs/design/trash-dash/manuals/enemies/LEVEL_04.md	manual.enemies.LEVEL_04	d2a7828d0df241dbcdb8db0166b14549a11eb9e3b17ecc5b097940a191b664e9	canonical-moved	enemy-manual	
docs/design/trash-dash/docs/game/enemy-canon/LEVEL_05.md	docs/design/trash-dash/manuals/enemies/LEVEL_05.md	manual.enemies.LEVEL_05	9cb571f62e1072c01051148bc379f396677fbb422cf309877dbd75b9923bc67b	canonical-moved	enemy-manual	
docs/design/trash-dash/docs/game/enemy-canon/LEVEL_06.md	docs/design/trash-dash/manuals/enemies/LEVEL_06.md	manual.enemies.LEVEL_06	f57855482de6721e26999dda703b7d547408054d194b4ac4d4222be213faed9a	canonical-moved	enemy-manual	
docs/design/trash-dash/docs/game/enemy-canon/README.md	docs/design/trash-dash/manuals/enemies/README.md	manual.enemies.README	bf055fb6162cddcd6db7d2dafac9ab28efa839960be51141dff971fda3f1a2a6	canonical-moved	enemy-manual	
docs/design/trash-dash/docs/game/enemy-canon/reference-art/README.md	docs/design/trash-dash/packages/imported-source/trashy/enemy-canon/reference-art/README.md		fbb1a91e8b0ded08182e063da58dda62ee842f9fe374ed3d80b16a40c9173f6e	package-preserved	enemy-reference-package	
docs/design/trash-dash/docs/game/enemy-canon/reference-art/level-01/mosquito.png	docs/design/trash-dash/packages/imported-source/trashy/enemy-canon/reference-art/level-01/mosquito.png		ac393927b19a0656592eaa9cd4603c9a0eea21936fb1f41578f47eb07ad92f08	package-preserved	enemy-reference-package	
docs/design/trash-dash/docs/game/enemy-canon/reference-art/level-01/mosquito.png.import			862b61ed1f24e8f895937a0df06228ab4d88efde2be8346736801debac8ddf66	generated-metadata-removed	metadata	
docs/design/trash-dash/docs/game/enemy-canon/reference-art/level-01/opossum-pilfer.png	docs/design/trash-dash/packages/imported-source/trashy/enemy-canon/reference-art/level-01/opossum-pilfer.png		271dce8190fddf5a4541eb7160035a9081a08ff3b6f01a7312dc8c1ded8cfb4c	package-preserved	enemy-reference-package	
docs/design/trash-dash/docs/game/enemy-canon/reference-art/level-01/opossum-pilfer.png.import			940be95913209b432710ce8c73c34ae7238074acabdcca420955881539f29386	generated-metadata-removed	metadata	
docs/design/trash-dash/docs/game/enemy-canon/reference-art/level-01/pigeon.png	docs/design/trash-dash/packages/imported-source/trashy/enemy-canon/reference-art/level-01/pigeon.png		85674483e2028d6eb2f546546e5992521c4d333ce348fb352e2a1a81de7e84de	package-preserved	enemy-reference-package	
docs/design/trash-dash/docs/game/enemy-canon/reference-art/level-01/pigeon.png.import			3fa9fce367ea4ac7578f37328550a9f71670c6fcc0b42483ef7e21ae0fbff196	generated-metadata-removed	metadata	
docs/design/trash-dash/docs/game/enemy-canon/reference-art/level-01/snake.png	docs/design/trash-dash/packages/imported-source/trashy/enemy-canon/reference-art/level-01/snake.png		ce908c198e629bfdcb84ed27fb9b41ee0886f1272abdccfe5e19b5e18492a853	package-preserved	enemy-reference-package	
docs/design/trash-dash/docs/game/enemy-canon/reference-art/level-01/snake.png.import			8db45eb4ccda124fab745423da9a1a6040d40482a592b2166e7d4f24c4c2b7cb	generated-metadata-removed	metadata	
docs/design/trash-dash/docs/game/enemy-canon/reference-art/level-01/spider.png	docs/design/trash-dash/packages/imported-source/trashy/enemy-canon/reference-art/level-01/spider.png		1949d18a8e6b387b25236689218333367371cdd9cdac74e4adf4451a7831a42c	package-preserved	enemy-reference-package	
docs/design/trash-dash/docs/game/enemy-canon/reference-art/level-01/spider.png.import			11f0cf230841841e33aab3eef2159923d3e5fb6b08d82e7b624f429f6f775dba	generated-metadata-removed	metadata	
docs/design/trash-dash/docs/game/enemy-canon/reference-art/level-02/bee.png	docs/design/trash-dash/packages/imported-source/trashy/enemy-canon/reference-art/level-02/bee.png		f2b06704a56701232c28df327d7ff6294578ac2b10bfb629dea2585d27fdf4d1	package-preserved	enemy-reference-package	
docs/design/trash-dash/docs/game/enemy-canon/reference-art/level-02/bee.png.import			e3fc6ea33bd74c0ae6c6b0a591215480ae0d12ea8152548f458ed2c1601e484d	generated-metadata-removed	metadata	
docs/design/trash-dash/docs/game/enemy-canon/reference-art/level-02/dog.png	docs/design/trash-dash/packages/imported-source/trashy/enemy-canon/reference-art/level-02/dog.png		6ed8b312892d20dbea93c5348ab199ef23261db280ad1db6017ba776b3418fe1	package-preserved	enemy-reference-package	
docs/design/trash-dash/docs/game/enemy-canon/reference-art/level-02/dog.png.import			c80257f1b1f77f25e4f804ce99f4e3fa2c52ad9a4a274a84fe3aa1a7f8c7ba79	generated-metadata-removed	metadata	
docs/design/trash-dash/docs/game/enemy-canon/reference-art/level-02/moth-dustwing.png	docs/design/trash-dash/packages/imported-source/trashy/enemy-canon/reference-art/level-02/moth-dustwing.png		433d353d5c737a7b6318dc14fd57bbe545a6012982b3aae9421a3a06cdfa5e9f	package-preserved	enemy-reference-package	
docs/design/trash-dash/docs/game/enemy-canon/reference-art/level-02/moth-dustwing.png.import			a09a7ca371b1eafacc45a762108c4f600ba00e48b1e96109eabd97685613b7ae	generated-metadata-removed	metadata	
docs/design/trash-dash/docs/game/enemy-canon/reference-art/level-02/skunk.png	docs/design/trash-dash/packages/imported-source/trashy/enemy-canon/reference-art/level-02/skunk.png		534c5d5ead4fd1eb312bc53ee09cb278705ab8340d09a1d4eec14988f71b9352	package-preserved	enemy-reference-package	
docs/design/trash-dash/docs/game/enemy-canon/reference-art/level-02/skunk.png.import			62fec8102f500d90c0311f63bc25167715164d44776494b9efa0454981ce138f	generated-metadata-removed	metadata	
docs/design/trash-dash/docs/game/enemy-canon/reference-art/level-02/squirel.png	docs/design/trash-dash/packages/imported-source/trashy/enemy-canon/reference-art/level-02/squirel.png		3a2531ae67632cb927a0a420561e8b9ea416df7541030451cce364cfacd4f301	package-preserved	enemy-reference-package	
docs/design/trash-dash/docs/game/enemy-canon/reference-art/level-02/squirel.png.import			7505ad239f0a8a5f821d68eb6ccf0d26d7dee3b498f2da8af04b34131ecf3c2d	generated-metadata-removed	metadata	
docs/design/trash-dash/docs/game/enemy-canon/reference-art/level-03/alley-cat-burglar.png	docs/design/trash-dash/packages/imported-source/trashy/enemy-canon/reference-art/level-03/alley-cat-burglar.png		583bc624b3c1bfc5b8aeb053565e34aedcdd771d388af92902edb48b91441b31	package-preserved	enemy-reference-package	
docs/design/trash-dash/docs/game/enemy-canon/reference-art/level-03/alley-cat-burglar.png.import			bbdbbc99d9f14c1f415b08229cf09cf4cda22be2699234667627794d39abbfa8	generated-metadata-removed	metadata	
docs/design/trash-dash/docs/game/enemy-canon/reference-art/level-03/boss-pizza-rat-king.png	docs/design/trash-dash/packages/imported-source/trashy/enemy-canon/reference-art/level-03/boss-pizza-rat-king.png		fbe4570c8ac978474ebec0485fdbbc119096d3fedf5332eb0c6c72840820f05e	package-preserved	enemy-reference-package	
docs/design/trash-dash/docs/game/enemy-canon/reference-art/level-03/boss-pizza-rat-king.png.import			1fb57684f8f15a4454389e150367c6a2380c94fedc2fe6078999930c73c16cae	generated-metadata-removed	metadata	
docs/design/trash-dash/docs/game/enemy-canon/reference-art/level-03/sewer-rat-courier.png	docs/design/trash-dash/packages/imported-source/trashy/enemy-canon/reference-art/level-03/sewer-rat-courier.png		575ad0281c44adcba7c09cc33883ade4df6c8bf6846d9667272c6dc40a256938	package-preserved	enemy-reference-package	
docs/design/trash-dash/docs/game/enemy-canon/reference-art/level-03/sewer-rat-courier.png.import			f56d6ce2914558747c1423e00f55da348578a612ac51363dc9437dfc932e5ad5	generated-metadata-removed	metadata	
docs/design/trash-dash/docs/game/enemy-canon/reference-art/level-03/subway-roach.png	docs/design/trash-dash/packages/imported-source/trashy/enemy-canon/reference-art/level-03/subway-roach.png		a90875020feca474fa63aa9b3e4fecf793c6e8636577b7bc512318e95b5e7897	package-preserved	enemy-reference-package	
docs/design/trash-dash/docs/game/enemy-canon/reference-art/level-03/subway-roach.png.import			9083807bb25ca1ceff3be3d9e5b7acdef66ed72d4a780eec144b52c6cdbadc1e	generated-metadata-removed	metadata	
docs/design/trash-dash/docs/game/enemy-canon/reference-art/level-03/traffic-cone-crab.png	docs/design/trash-dash/packages/imported-source/trashy/enemy-canon/reference-art/level-03/traffic-cone-crab.png		1a88dabde8c5499e9168a3e100fec4a5226215d8cd3602747361654289e93d2e	package-preserved	enemy-reference-package	
docs/design/trash-dash/docs/game/enemy-canon/reference-art/level-03/traffic-cone-crab.png.import			f792129838bd682f3554509d5461b2ea65d0a30817de57af098c76ebaf266ff1	generated-metadata-removed	metadata	
docs/design/trash-dash/docs/game/enemy-canon/reference-art/level-04/beaker-slime.png	docs/design/trash-dash/packages/imported-source/trashy/enemy-canon/reference-art/level-04/beaker-slime.png		d32d28e013525fd80f4f9c1d1da875fe085a156c3062ed5a124f8182f9be5255	package-preserved	enemy-reference-package	
docs/design/trash-dash/docs/game/enemy-canon/reference-art/level-04/beaker-slime.png.import			d2ce3b4352cbf5101db7a513d4c46a90496e48b3bb0c8118a95ce2c40eafb939	generated-metadata-removed	metadata	
docs/design/trash-dash/docs/game/enemy-canon/reference-art/level-04/clipboard-hamster.png	docs/design/trash-dash/packages/imported-source/trashy/enemy-canon/reference-art/level-04/clipboard-hamster.png		8f452ba20435b4702c42f788b5119f462c97ac0984e471e10b057536cdb8e10e	package-preserved	enemy-reference-package	
docs/design/trash-dash/docs/game/enemy-canon/reference-art/level-04/clipboard-hamster.png.import			a7918a904475466816b58cc93e4dd83d9c3754c8e17eddc7da92901768646ea4	generated-metadata-removed	metadata	
docs/design/trash-dash/docs/game/enemy-canon/reference-art/level-04/mop-bot-3000.png	docs/design/trash-dash/packages/imported-source/trashy/enemy-canon/reference-art/level-04/mop-bot-3000.png		e0e687df6d29a75e699c72c1c041d0be943af70c86f617a2a677b97de00b94c2	package-preserved	enemy-reference-package	
docs/design/trash-dash/docs/game/enemy-canon/reference-art/level-04/mop-bot-3000.png.import			829f6a32762766908fa34a2ef3a62b8ab6780e87829bf8a0f536dcb5a8b100fc	generated-metadata-removed	metadata	
docs/design/trash-dash/docs/game/enemy-canon/reference-art/level-04/phase-gecko.png	docs/design/trash-dash/packages/imported-source/trashy/enemy-canon/reference-art/level-04/phase-gecko.png		29cc9009a0ead39ca5b31383b8f29ba61bfa31e5d626b5129c1533454e3aa694	package-preserved	enemy-reference-package	
docs/design/trash-dash/docs/game/enemy-canon/reference-art/level-04/phase-gecko.png.import			c664534c805ae17b38e2391c6f5e7ffb8ae344460033c36798edc05e5dadddca	generated-metadata-removed	metadata	
docs/design/trash-dash/docs/game/enemy-canon/reference-art/level-05/asteroid-armadillo.png	docs/design/trash-dash/packages/imported-source/trashy/enemy-canon/reference-art/level-05/asteroid-armadillo.png		16467a7b588d56b06f1b3b12054d3d2a79ebddb81f2b2a9b5d31098e7b2e55bf	package-preserved	enemy-reference-package	
docs/design/trash-dash/docs/game/enemy-canon/reference-art/level-05/asteroid-armadillo.png.import			ced648ca8320325620dc17b8b8beb93c3e20ebdc1541f9877caabe51beaf4d35	generated-metadata-removed	metadata	
docs/design/trash-dash/docs/game/enemy-canon/reference-art/level-05/rocket-roach.png	docs/design/trash-dash/packages/imported-source/trashy/enemy-canon/reference-art/level-05/rocket-roach.png		a1687792705e012679fde4193128395c16c86be66677319aa6a7689bd5e1376f	package-preserved	enemy-reference-package	
docs/design/trash-dash/docs/game/enemy-canon/reference-art/level-05/rocket-roach.png.import			753d0106a728033ec5c75e7172c4d876fc0f5849f99e8b2336fc1a4a1d026305	generated-metadata-removed	metadata	
docs/design/trash-dash/docs/game/enemy-canon/reference-art/level-05/satellite-hermit-crab.png	docs/design/trash-dash/packages/imported-source/trashy/enemy-canon/reference-art/level-05/satellite-hermit-crab.png		35892fb10f813fa32a23612e0262d25941a4f532edd53b0af368cc981c213540	package-preserved	enemy-reference-package	
docs/design/trash-dash/docs/game/enemy-canon/reference-art/level-05/satellite-hermit-crab.png.import			64ad8b256a8a8f9e2162843725ff36e402003815d1bae880b6e0b9b0e853bd24	generated-metadata-removed	metadata	
docs/design/trash-dash/docs/game/enemy-canon/reference-art/level-05/vacuum-jelly.png	docs/design/trash-dash/packages/imported-source/trashy/enemy-canon/reference-art/level-05/vacuum-jelly.png		32897a0d0f24d77795b0c5df76092d3f57cb8fc16e55c50eaf8aab0601be7265	package-preserved	enemy-reference-package	
docs/design/trash-dash/docs/game/enemy-canon/reference-art/level-05/vacuum-jelly.png.import			945c6daf5e4878362b14fc0ccfce4241d409dcbdc5f9c927bacb9bcb13a8917c	generated-metadata-removed	metadata	
docs/design/trash-dash/docs/game/enemy-canon/reference-art/level-06/baserunning-beaver.png	docs/design/trash-dash/packages/imported-source/trashy/enemy-canon/reference-art/level-06/baserunning-beaver.png		dab83fb565845506e298b86ae3ee9fd500de3f305df41879b82a8ccadee38d98	package-preserved	enemy-reference-package	
docs/design/trash-dash/docs/game/enemy-canon/reference-art/level-06/baserunning-beaver.png.import			7a2523148e4604f67f5dfcd0447f8f04316fa8c30d7de39b4c8992d0500b7a2b	generated-metadata-removed	metadata	
docs/design/trash-dash/docs/game/enemy-canon/reference-art/level-06/clobbering-cub.png	docs/design/trash-dash/packages/imported-source/trashy/enemy-canon/reference-art/level-06/clobbering-cub.png		a943dbdd37417e81a4e3d7d9dcf8a1a47c133d20a5ad17c3d54e4d48a612570b	package-preserved	enemy-reference-package	
docs/design/trash-dash/docs/game/enemy-canon/reference-art/level-06/clobbering-cub.png.import			721eea5fdd6b3afb6dc5730f0b120d8ed324f915817f87e614295ee10245d793	generated-metadata-removed	metadata	
docs/design/trash-dash/docs/game/enemy-canon/reference-art/level-06/sliding-seagull.png	docs/design/trash-dash/packages/imported-source/trashy/enemy-canon/reference-art/level-06/sliding-seagull.png		7c9221e36eeb9b298bc20377a0c75a4e3563c5e03cb35c7a99c725e3814b2c80	package-preserved	enemy-reference-package	
docs/design/trash-dash/docs/game/enemy-canon/reference-art/level-06/sliding-seagull.png.import			080b3c5b1a60bc7379535d3c2ab88f096205057e08a7f90dee0b9b618953f701	generated-metadata-removed	metadata	
docs/design/trash-dash/docs/game/enemy-canon/reference-art/level-06/windup-weasel.png	docs/design/trash-dash/packages/imported-source/trashy/enemy-canon/reference-art/level-06/windup-weasel.png		97f869d0d6b1b50095fcd8e06bfdd27047b971f813386561e58c2a59396c88d4	package-preserved	enemy-reference-package	
docs/design/trash-dash/docs/game/enemy-canon/reference-art/level-06/windup-weasel.png.import			eeceff02a51838fd4edb795e2208ce3277af7e18ef53c01b17e69a13f446f94f	generated-metadata-removed	metadata	
docs/design/trash-dash/docs/game/foreground-assets.md	docs/design/trash-dash/manuals/environments/foreground-assets.md	manual.foreground-assets	895d3030a732bbdda8d4e0eb6038bfffe97a2e79260ac78d2c9257fbe05a9961	canonical-moved	game-manual	
docs/design/trash-dash/docs/game/levels.md	docs/design/trash-dash/manuals/levels/levels.md	manual.levels	792ef5947ff9114955b5959dfc8df23fd3df5de5c72e088c390844051ce8b071	canonical-moved	game-manual	
docs/design/trash-dash/docs/integration/AGENTS_SOURCE_OF_TRUTH_SNIPPET.md	docs/design/trash-dash/packages/imported-source/master-bundle/integration/AGENTS_SOURCE_OF_TRUTH_SNIPPET.md		332ddb2a8e3fa94057c4b363218f38bee3b3f47ba36554896bf6bdc3ed938a47	package-preserved	integration-package	
docs/design/trash-dash/docs/integration/CODEX_IMPORT_PROMPT.md	docs/design/trash-dash/packages/imported-source/master-bundle/integration/CODEX_IMPORT_PROMPT.md		e3a5db5f7b81ae3e8095ba3b8174cc1c1c78337fbcaaa17c07fe3b250c1e4efb	package-preserved	integration-package	
docs/design/trash-dash/docs/integration/CODEX_MASTER_IMPORT_PROMPT.md	docs/design/trash-dash/packages/imported-source/master-bundle/integration/CODEX_MASTER_IMPORT_PROMPT.md		29c27411ef55963bc4d2d2ade9986eead9edd6f04e334564464dbf4450069ec5	package-preserved	integration-package	
docs/design/trash-dash/docs/integration/CODEX_MULTIPART_IMPORT_PROMPT.md	docs/design/trash-dash/packages/imported-source/master-bundle/integration/CODEX_MULTIPART_IMPORT_PROMPT.md		6afaa2dca5659d78a8c5c2ecd5e08f22283a991482239578065914913f496572	package-preserved	integration-package	
docs/design/trash-dash/docs/integration/CODEX_MULTI_PART_IMPORT_PROMPT.md	docs/design/trash-dash/packages/imported-source/master-bundle/integration/CODEX_MULTI_PART_IMPORT_PROMPT.md		94194f453a72e41daa40415cfeb8c88e77d64cafe86478a2c28a8158e4da4226	package-preserved	integration-package	
docs/design/trash-dash/docs/integration/MULTI_PART_IMPORT_GUIDE.md	docs/design/trash-dash/packages/imported-source/master-bundle/integration/MULTI_PART_IMPORT_GUIDE.md		53c32ce8b647b2eeab064f63e4d4c42ebd7cb9a49fb23e5ddd62be6978c508d1	package-preserved	integration-package	
docs/design/trash-dash/docs/integration/RUNTIME_ASSET_READINESS_CHECKLIST.md	docs/design/trash-dash/packages/imported-source/master-bundle/integration/RUNTIME_ASSET_READINESS_CHECKLIST.md		5461374ba731020faa68cb92f4d18d719b366a4a6c19e555506e0110d72aa2f1	package-preserved	integration-package	
docs/design/trash-dash/docs/integration/STEP_BY_STEP_IMPORT.md	docs/design/trash-dash/packages/imported-source/master-bundle/integration/STEP_BY_STEP_IMPORT.md		794053062cdef324ca9c80301f01d2c828fa89ab1438a050a52e6aecc0b6102e	package-preserved	integration-package	
docs/design/trash-dash/docs/prompts/BOSS_CREATION_PROMPT.md	docs/design/trash-dash/packages/imported-source/master-bundle/prompts/BOSS_CREATION_PROMPT.md		6b121fffa0a474508f61ae2a3d25a25fd9a9908fb3c9e3da2b388e6516bbea24	package-preserved	prompt-package	
docs/design/trash-dash/docs/prompts/ENEMY_CREATION_PROMPT.md	docs/design/trash-dash/packages/imported-source/master-bundle/prompts/ENEMY_CREATION_PROMPT.md		ca3b3bd00b24bb17d2f1c502fca9c07c7471c290e865fbf47c9bc6cf2a5e214f	package-preserved	prompt-package	
docs/design/trash-dash/docs/prompts/ENVIRONMENT_CREATION_PROMPT.md	docs/design/trash-dash/packages/imported-source/master-bundle/prompts/ENVIRONMENT_CREATION_PROMPT.md		3c3dff52f732e5479054591798534bcc60b6eeef54dc4fe3e75e75aa7bb54997	package-preserved	prompt-package	
docs/design/trash-dash/docs/prompts/FOREGROUND_ASSET_CREATION_PROMPT.md	docs/design/trash-dash/packages/imported-source/master-bundle/prompts/FOREGROUND_ASSET_CREATION_PROMPT.md		8a9364c2ffdd21a5b90fb58da82bb23fbf5aaebff19d649d96800f554c52866d	package-preserved	prompt-package	
docs/design/trash-dash/manifests/APPROVAL_STATUS.tsv	docs/design/trash-dash/manifests/APPROVAL_STATUS.tsv		1d63fcaa74e550d10a05de869b974557799e2b9babe155a4aa32874013b7da72	canonical-moved	design-support	
docs/design/trash-dash/manifests/APPROVED_FILES.txt	docs/design/trash-dash/manifests/APPROVED_FILES.txt		9dff33fdedc6cf9f68a460f7104cd01be65c7eb41afedfe754dbdc80e0c4d73c	canonical-moved	design-support	
docs/design/trash-dash/manifests/ASSET_MANIFEST.md	docs/design/trash-dash/manifests/ASSET_MANIFEST.md		78d17ed173238acaee3b0f27ea4a120a924eb63f082a864184f4fcbc34804bb5	canonical-moved	design-support	
docs/design/trash-dash/manifests/FILE_INVENTORY.tsv	docs/design/trash-dash/manifests/FILE_INVENTORY.tsv		a5ec133b5c8641c289e0d242cfc2904ea75bfffbbdebeddb1ba1d12f65b60373	canonical-moved	design-support	
docs/design/trash-dash/manifests/MASTER_ASSET_CATEGORIES.json	docs/design/trash-dash/manifests/MASTER_ASSET_CATEGORIES.json		765518a4ee56062f0063e942e8be1483b13da6d57f599105a269100fe32e8aa4	canonical-moved	design-support	
docs/design/trash-dash/manifests/MULTIPART_PARTS.json	docs/design/trash-dash/manifests/MULTIPART_PARTS.json		3abbf23534cef5dd2498300f60dbd78256b508fa8bde636a9f19db2bebf67935	canonical-moved	design-support	
docs/design/trash-dash/manifests/SHA256SUMS.txt	docs/design/trash-dash/manifests/SHA256SUMS.txt		3945084b3edd58a9c2b06291410bae2e79813a99d82ed0bc8bacee6ce2c53e40	canonical-moved	design-support	
docs/design/trash-dash/manifests/SHA256SUMS_MASTER.txt	docs/design/trash-dash/manifests/SHA256SUMS_MASTER.txt		774fb43c6abb6e8b2bac89a6306eb9a94890544160491e0355447f0f088c8f2f	canonical-moved	design-support	
docs/design/trash-dash/manifests/SPLIT_PACKAGE_MANIFEST.json	docs/design/trash-dash/manifests/SPLIT_PACKAGE_MANIFEST.json		bd2f6edb27c0911a7b637fdafbce4f4a6fe3d5b742ce708eedcdbd460c27a902	canonical-moved	design-support	
docs/design/trash-dash/manifests/SPLIT_PARTS_CHECKLIST.md	docs/design/trash-dash/manifests/SPLIT_PARTS_CHECKLIST.md		5536f598196081d1e000bb0af05e21e4bed46517f4273f4727629af3a8398f64	canonical-moved	design-support	
docs/design/trash-dash/manifests/SUPERSEDED_FILES.txt	docs/design/trash-dash/manifests/SUPERSEDED_FILES.txt		d11c3e54697a517aff51c7cb414fbcc50757a969c9079a0bc89b0ce1dba06023	canonical-moved	design-support	
docs/design/trash-dash/manifests/asset-manifest.json	docs/design/trash-dash/manifests/asset-manifest.json		48f0dd7064344a7f356fdeab7d089d898c0c527122d6c9c81ea3a2ec4b3fa9ee	canonical-moved	design-support	
docs/design/trash-dash/manifests/canonical-asset-manifest.json	docs/design/trash-dash/manifests/canonical-asset-manifest.json		b5b84c2eb75539e4fba37d02655e1408962513d15d0fb1acbc98a6086ec8a074	canonical-moved	design-support	
docs/design/trash-dash/multipart/part-info/trash-dash-00-core-docs-manifests.md	docs/design/trash-dash/packages/multipart/part-info/trash-dash-00-core-docs-manifests.md		6fadec9b75f02c2c822d32041b0ca46b4dea1d73e012574afde1053e5b5ecabf	package-preserved	package-multipart	
docs/design/trash-dash/multipart/part-info/trash-dash-01-shared-heroes-items-ui-reward.md	docs/design/trash-dash/packages/multipart/part-info/trash-dash-01-shared-heroes-items-ui-reward.md		c87f914b629e31f6f1972a510fd99ad72f83e5786416d46553891c12a225e89e	package-preserved	package-multipart	
docs/design/trash-dash/multipart/part-info/trash-dash-02-level-01.md	docs/design/trash-dash/packages/multipart/part-info/trash-dash-02-level-01.md		e8f0c4de17c473dd9ccd44af9926474f6d62a9dfe849d4bfdb8952b18e038c2b	package-preserved	package-multipart	
docs/design/trash-dash/multipart/part-info/trash-dash-03-level-02.md	docs/design/trash-dash/packages/multipart/part-info/trash-dash-03-level-02.md		77afbfc0b37a79870fbbb99412afd77ef5de5b4193915648ea93a1b68da4ec2b	package-preserved	package-multipart	
docs/design/trash-dash/multipart/part-info/trash-dash-04-level-03.md	docs/design/trash-dash/packages/multipart/part-info/trash-dash-04-level-03.md		530ce19308790b380d732dd7c9cd26ac3143c8903bbe3cd26d26f9901f05e080	package-preserved	package-multipart	
docs/design/trash-dash/multipart/part-info/trash-dash-05-level-04.md	docs/design/trash-dash/packages/multipart/part-info/trash-dash-05-level-04.md		f167e727e92d798897e2fb18de6e02c2500a4af748adacda954330dffaa0d7dc	package-preserved	package-multipart	
docs/design/trash-dash/multipart/part-info/trash-dash-06-level-05.md	docs/design/trash-dash/packages/multipart/part-info/trash-dash-06-level-05.md		efdb2d01cb12d51cf88e957dd7d98a2ff1b6a75ab0469a6555bce1b2da7443f3	package-preserved	package-multipart	
docs/design/trash-dash/multipart/part-info/trash-dash-07-level-06.md	docs/design/trash-dash/packages/multipart/part-info/trash-dash-07-level-06.md		514692bbf20eba6229b44066b0d66ae932ee830fe7dbe8fb6836e178c5adfc5b	package-preserved	package-multipart	
docs/design/trash-dash/powerups/trash-dash-hd-powerups-v1/CODEX_IMPORT.md	docs/design/trash-dash/packages/powerups/trash-dash-hd-powerups-v1/CODEX_IMPORT.md		8eb5fc02540aa8915eb2c2278c16223a4d44ffd506f7f2a46eb9195012f91ee9	package-preserved	package-powerups	
docs/design/trash-dash/powerups/trash-dash-hd-powerups-v1/IMPORT_AUDIT.md	docs/design/trash-dash/packages/powerups/trash-dash-hd-powerups-v1/IMPORT_AUDIT.md		e4d011e6cd7cebfb12382042fa588c2eae46510e054e64389a2014cf6c4e9831	package-preserved	package-powerups	
docs/design/trash-dash/powerups/trash-dash-hd-powerups-v1/README.md	docs/design/trash-dash/packages/powerups/trash-dash-hd-powerups-v1/README.md		f23b021d78c1608eae39214f641068e9fe5c370de14b5aeef417aa2c85e86b44	package-preserved	package-powerups	
docs/design/trash-dash/powerups/trash-dash-hd-powerups-v1/assets/overlays/kite-power-overlay-clean-8frame.png	docs/design/trash-dash/packages/powerups/trash-dash-hd-powerups-v1/assets/overlays/kite-power-overlay-clean-8frame.png		fc1d952e955c241cae19f126ad1a05d3f07508ad44a99dd3425c8e69f7db9c69	package-preserved	package-powerups	
docs/design/trash-dash/powerups/trash-dash-hd-powerups-v1/assets/overlays/kite-power-overlay-clean-8frame.png.import			975fa16e91ad5ec11654293b82e03e47a7f669a69b56830c4d808a0fdc7ac8a2	generated-metadata-removed	metadata	
docs/design/trash-dash/powerups/trash-dash-hd-powerups-v1/assets/overlays/taco-power-overlay-clean-8frame.png	docs/design/trash-dash/packages/powerups/trash-dash-hd-powerups-v1/assets/overlays/taco-power-overlay-clean-8frame.png		5fc49696a1397d0088333892e7f4fe8eacea46f5e8f97ab44a7082dcf5bc265b	package-preserved	package-powerups	
docs/design/trash-dash/powerups/trash-dash-hd-powerups-v1/assets/overlays/taco-power-overlay-clean-8frame.png.import			df0a579b62428e82b14d703e170e276ee093ba200debe88177a47b54224ad1c9	generated-metadata-removed	metadata	
docs/design/trash-dash/powerups/trash-dash-hd-powerups-v1/assets/powerups/taco-kite-powerups-clean-chroma.png	docs/design/trash-dash/packages/powerups/trash-dash-hd-powerups-v1/assets/powerups/taco-kite-powerups-clean-chroma.png		e832cdfafdc0ed240d719e7860dc82988558433ec5d078ab8a1e924deac59791	package-preserved	package-powerups	
docs/design/trash-dash/powerups/trash-dash-hd-powerups-v1/assets/powerups/taco-kite-powerups-clean-chroma.png.import			159899523b236aa3acfbc12f712ea57bdc350e9a354b26f0dc4668d2bc021714	generated-metadata-removed	metadata	
docs/design/trash-dash/powerups/trash-dash-hd-powerups-v1/checksums.sha256	docs/design/trash-dash/packages/powerups/trash-dash-hd-powerups-v1/checksums.sha256		580068af870618fbbcf27c3794b231be009b8fd2d35bb90f4a687b9d2c466966	package-preserved	package-powerups	
docs/design/trash-dash/powerups/trash-dash-hd-powerups-v1/manifest.json	docs/design/trash-dash/packages/powerups/trash-dash-hd-powerups-v1/manifest.json		b4b2700ba896653019bd9c25df88664520c3b7d75d43d5deb9978283c0552167	package-preserved	package-powerups	
docs/design/trash-dash/powerups/trash-dash-hd-powerups-v1/reference/kite-power-overlay-branded-reference.png	docs/design/trash-dash/packages/powerups/trash-dash-hd-powerups-v1/reference/kite-power-overlay-branded-reference.png		da001894fc3046e70805e067bd08efeaa5f46f74c39a1ff5e902582f7a37c5a4	package-preserved	package-powerups	
docs/design/trash-dash/powerups/trash-dash-hd-powerups-v1/reference/kite-power-overlay-branded-reference.png.import			469fb965f8539cccae8cbaaa8e6a445d3e358a0e718002a57d9239690e2eb655	generated-metadata-removed	metadata	
docs/design/trash-dash/powerups/trash-dash-hd-powerups-v1/reference/powerups-branded-reference.png	docs/design/trash-dash/packages/powerups/trash-dash-hd-powerups-v1/reference/powerups-branded-reference.png		0fd838ea35a9160e9c86966e8c8903dea112eaafa6903459e29f3324e3afcdfd	package-preserved	package-powerups	
docs/design/trash-dash/powerups/trash-dash-hd-powerups-v1/reference/powerups-branded-reference.png.import			052c7a1a9509cf57178cfdc9ea0991f61a463d4563c599bdd3540899bbbd2dcb	generated-metadata-removed	metadata	
docs/design/trash-dash/powerups/trash-dash-hd-powerups-v1/reference/taco-power-overlay-branded-reference.png	docs/design/trash-dash/packages/powerups/trash-dash-hd-powerups-v1/reference/taco-power-overlay-branded-reference.png		649e580904cdd05a2a830ef6e6bf4d9f053e574966554dfc6c86ab1a037253ce	package-preserved	package-powerups	
docs/design/trash-dash/powerups/trash-dash-hd-powerups-v1/reference/taco-power-overlay-branded-reference.png.import			f269d5d7af5424ca6c3dfd42098b11e6e6286c009f07999fb9457bd279f1fb61	generated-metadata-removed	metadata	
docs/design/trash-dash/powerups/trash-dash-hd-powerups-v1/scripts/import_powerups.sh	docs/design/trash-dash/packages/powerups/trash-dash-hd-powerups-v1/scripts/import_powerups.sh		b1a010ab0f91de8bba713edd1b316132c02978aa8e7088d9e9e8e4c14f0c6e88	package-preserved	package-powerups	
docs/design/trash-dash/reference/.DS_Store			6bdc61ab0eac5c4ef5fa58ddbd02073256aa11e9e508c6cb07dc422751052bfd	generated-metadata-removed	metadata	
docs/design/trash-dash/reference/characters/.DS_Store			52cd7a2d127d7eb8cef94b4a1a35d5ce3226f2883dd0342b67dfb937594ccdf8	generated-metadata-removed	metadata	
docs/design/trash-dash/reference/characters/level-01/.DS_Store			7ad225dec83a86bb8cd6caa02ad37660c47b5cca508b83bbc15be4a1e64d51b1	generated-metadata-removed	metadata	
docs/design/trash-dash/reference/characters/level-01/concepts/boss.png	docs/design/trash-dash/library/characters/bosses/trash-dash/concepts/boss.png	library.characters.bosses.trash-dash.concepts.boss	1324f67bb391eb4882e02931eb848b4a24c820c74d4a1cc2c5c3c19ced166437	canonical-moved	boss-concepts	
docs/design/trash-dash/reference/characters/level-01/concepts/boss.png.import			0174e9a7828a377d8c92bb1a3acf7c6c3ff1f8cc6c826dd83b34afd58e149b09	generated-metadata-removed	metadata	
docs/design/trash-dash/reference/characters/level-01/concepts/common-enemies.png	docs/design/trash-dash/library/characters/enemies/level-01/concepts/common-enemies.png	library.characters.enemies.level-01.concepts.common-enemies	73b100444a80f9f3ab072a4fa1e5f7d675a1b73e0fbdfd14f5429170a5e3b931	canonical-moved	enemy-concepts	
docs/design/trash-dash/reference/characters/level-01/concepts/common-enemies.png.import			7e9374275e84d609aee73f8d896f15ff4c4941ebf5d0c6b1d82c14beec043f6f	generated-metadata-removed	metadata	
docs/design/trash-dash/reference/characters/level-01/sprites/boss-trash-dash.png	docs/design/trash-dash/library/characters/bosses/trash-dash/sprites/reference/boss-trash-dash.png	library.characters.bosses.trash-dash.sprites.reference.boss-trash-dash	84dd4b7f4643211cbb1b7bdbe49daf1eb260af5e3b06fd514a2429dd7e6b021c	canonical-moved	boss-sprites	
docs/design/trash-dash/reference/characters/level-01/sprites/boss-trash-dash.png.import			2749534f75b2d539aea4d943d63ebd7d983e5a0c558d19cc53f3a44923532216	generated-metadata-removed	metadata	
docs/design/trash-dash/reference/characters/level-01/sprites/mosquito.png	docs/design/trash-dash/library/characters/enemies/level-01/sprites/reference/mosquito.png	library.characters.enemies.level-01.sprites.reference.mosquito	c79cf3d50f1c910e6ce6b356f6e6ffb41910783e6d77cbfa15bb15d1375c613e	canonical-moved	enemy-sprites	
docs/design/trash-dash/reference/characters/level-01/sprites/mosquito.png.import			9521f8ed592b0b086beeefb10df645ed0632bee3fcb925675db5ee70856a6021	generated-metadata-removed	metadata	
docs/design/trash-dash/reference/characters/level-01/sprites/opossum-pilfer.png	docs/design/trash-dash/library/characters/enemies/level-01/sprites/reference/opossum-pilfer.png	library.characters.enemies.level-01.sprites.reference.opossum-pilfer	9769bb31becee8e7730e03537ff8ce5c66cd6649b94a9972af6adb836f007ca9	canonical-moved	enemy-sprites	
docs/design/trash-dash/reference/characters/level-01/sprites/opossum-pilfer.png.import			5b393edcb13ccf2e636ea8e14397309e030fd3c5ac02be5bafa204b8e539c952	generated-metadata-removed	metadata	
docs/design/trash-dash/reference/characters/level-01/sprites/pigeon.png	docs/design/trash-dash/library/characters/enemies/level-01/sprites/reference/pigeon.png	library.characters.enemies.level-01.sprites.reference.pigeon	a81da1da901b5c52ab7bddc7e248f224f23a101a0f990aa3fb09b48a1a50c77d	canonical-moved	enemy-sprites	
docs/design/trash-dash/reference/characters/level-01/sprites/pigeon.png.import			f36e159d1e6ef532653fc1b9c378f7ae87dc5ab27cfe387953bea27867df20e7	generated-metadata-removed	metadata	
docs/design/trash-dash/reference/characters/level-01/sprites/snake.png	docs/design/trash-dash/library/characters/enemies/level-01/sprites/reference/snake.png	library.characters.enemies.level-01.sprites.reference.snake	39ba9489311032b892ce3b6b5ae89e7f2edf3f4087c7046f4b7e8f3aee60a12a	canonical-moved	enemy-sprites	
docs/design/trash-dash/reference/characters/level-01/sprites/snake.png.import			8a4e9b1b8d53600f23e9b5d4b0391c30acd28921fa6c23cd0b9d49abf34ed77c	generated-metadata-removed	metadata	
docs/design/trash-dash/reference/characters/level-01/sprites/spider.png	docs/design/trash-dash/library/characters/enemies/level-01/sprites/reference/spider.png	library.characters.enemies.level-01.sprites.reference.spider	93b1436586d869b2575951d7bbbad4080578487926974e5be7d4e443fdc49a15	canonical-moved	enemy-sprites	
docs/design/trash-dash/reference/characters/level-01/sprites/spider.png.import			1fcb8792c73d6c279d7833a4da745fa0bc78c20cc3e81bcfd4d08dd0e2e5f285	generated-metadata-removed	metadata	
docs/design/trash-dash/reference/characters/level-02/.DS_Store			f526e7250d043f730388579a4e47c386f6ae5517fabfa8282b7d056c12a6cb0f	generated-metadata-removed	metadata	
docs/design/trash-dash/reference/characters/level-02/concepts/approved-direction-a-supplement.png	docs/design/trash-dash/library/characters/enemies/level-02/concepts/approved-direction-a-supplement.png	library.characters.enemies.level-02.concepts.approved-direction-a-supplement	e70a1b74d24cb80c6470771a20fc8ef04675f65830c87b273608cf0a3b28baad	canonical-moved	enemy-concepts	
docs/design/trash-dash/reference/characters/level-02/concepts/approved-direction-a-supplement.png.import			e2a5d317572d52d07d78ae6fbaef930f992c8dee53ef3db7f3e51d0e1786cfa2	generated-metadata-removed	metadata	
docs/design/trash-dash/reference/characters/level-02/concepts/boss.png	docs/design/trash-dash/library/characters/bosses/brutus-bin-hound/concepts/boss.png	library.characters.bosses.brutus-bin-hound.concepts.boss	3fa151d9eb7b8d86855d09c47d6ab76fa40ba0cbfe643e44ce0c8bb42690a153	canonical-moved	boss-concepts	
docs/design/trash-dash/reference/characters/level-02/concepts/boss.png.import			29aa896fefc6dff9020440c4390becf0509a275ca1b04ede7b7bc42060b1790b	generated-metadata-removed	metadata	
docs/design/trash-dash/reference/characters/level-02/concepts/common-enemies.png	docs/design/trash-dash/library/characters/enemies/level-02/concepts/common-enemies.png	library.characters.enemies.level-02.concepts.common-enemies	d7c31a11477567ab11b7ad1e22d90d3805cbb34c4d163f862cb00115ac090bfd	canonical-moved	enemy-concepts	
docs/design/trash-dash/reference/characters/level-02/concepts/common-enemies.png.import			f769e987e9bbed03f6e977bc33c0eedb8a0976e2c6a0069a48e0f4a5df12c7c4	generated-metadata-removed	metadata	
docs/design/trash-dash/reference/characters/level-02/sprites/bee.png	docs/design/trash-dash/library/characters/enemies/level-02/sprites/reference/bee.png	library.characters.enemies.level-02.sprites.reference.bee	de5d60f082b4363c72575e2704ed8f8ffdc9b2866d474a7ac934d8dc298b6295	canonical-moved	enemy-sprites	
docs/design/trash-dash/reference/characters/level-02/sprites/bee.png.import			40f4c5141e8efdccf54349c9047368d5b5c5b7f1a6052eb075bad3c675177c63	generated-metadata-removed	metadata	
docs/design/trash-dash/reference/characters/level-02/sprites/boss-brutus-bin-hound.png	docs/design/trash-dash/library/characters/bosses/brutus-bin-hound/sprites/reference/boss-brutus-bin-hound.png	library.characters.bosses.brutus-bin-hound.sprites.reference.boss-brutus-bin-hound	ddf2eb77ad8f16aa164a934b08ea6b64c0679c24bf9c3a92a4fa444813c25c1c	canonical-moved	boss-sprites	
docs/design/trash-dash/reference/characters/level-02/sprites/boss-brutus-bin-hound.png.import			f02d429863681e43fd11bd00444e282396bf40125e006ef5db177cf0f7e9bee5	generated-metadata-removed	metadata	
docs/design/trash-dash/reference/characters/level-02/sprites/dog.png	docs/design/trash-dash/library/characters/enemies/level-02/sprites/reference/dog.png	library.characters.enemies.level-02.sprites.reference.dog	bf61327d5659c9c3736f2c65f461403fb320f41b928926a079876bcfec2aa2b7	canonical-moved	enemy-sprites	
docs/design/trash-dash/reference/characters/level-02/sprites/dog.png.import			e778666c9eb2baaab70fc5c0de1d5e7692203e702ac4f645597dc0b89ba3b70d	generated-metadata-removed	metadata	
docs/design/trash-dash/reference/characters/level-02/sprites/moth-dustwing.png	docs/design/trash-dash/library/characters/enemies/level-02/sprites/reference/moth-dustwing.png	library.characters.enemies.level-02.sprites.reference.moth-dustwing	e53bd75d6a041b7307a4d27f89db2794eb3ae2288218d71a651a44b1abd68008	canonical-moved	enemy-sprites	
docs/design/trash-dash/reference/characters/level-02/sprites/moth-dustwing.png.import			a75e40aae1a8c510c3eaadbe35612eb326f96c551a0bea2cb18e02cd2c48b102	generated-metadata-removed	metadata	
docs/design/trash-dash/reference/characters/level-02/sprites/skunk.png	docs/design/trash-dash/library/characters/enemies/level-02/sprites/reference/skunk.png	library.characters.enemies.level-02.sprites.reference.skunk	1a377a375c4820d90737fbb24543714045cce756d91c1244bfdc4b57992ed1a3	canonical-moved	enemy-sprites	
docs/design/trash-dash/reference/characters/level-02/sprites/skunk.png.import			b3e39f0896654c37392abc91724a350a4a3a5a6b50934a8dc2672230501678bc	generated-metadata-removed	metadata	
docs/design/trash-dash/reference/characters/level-02/sprites/squirel.png	docs/design/trash-dash/library/characters/enemies/level-02/sprites/reference/squirel.png	library.characters.enemies.level-02.sprites.reference.squirel	9b4c2133914581d888cc728a156f5def82f5bf780ef802584fc44e9cc57b578b	canonical-moved	enemy-sprites	squirrel
docs/design/trash-dash/reference/characters/level-02/sprites/squirel.png.import			dba486b470cf8780001780b275da0d619589185c1f20bc182f16ff29191b483d	generated-metadata-removed	metadata	
docs/design/trash-dash/reference/characters/level-03/concepts/boss.png	docs/design/trash-dash/library/characters/bosses/pizza-rat-king/concepts/boss.png	library.characters.bosses.pizza-rat-king.concepts.boss	18c32653052b6c02ee48a40cb3fc8b854a033efbf93f318a6856d16afced57bd	canonical-moved	boss-concepts	
docs/design/trash-dash/reference/characters/level-03/concepts/boss.png.import			7cc7da81037adc23b5246c118849d3c49840226e0401eb7cd85cbc3f837c45f6	generated-metadata-removed	metadata	
docs/design/trash-dash/reference/characters/level-03/concepts/common-enemies.png	docs/design/trash-dash/library/characters/enemies/level-03/concepts/common-enemies.png	library.characters.enemies.level-03.concepts.common-enemies	f2e486ab4dac23793e2f73be012e82687feb8bee4baf4c3f78601704ec36b413	canonical-moved	enemy-concepts	
docs/design/trash-dash/reference/characters/level-03/concepts/common-enemies.png.import			bbb4d2758cf9e202c684f047ec1ed04dea149de245f4f75f89f125db0cca16ac	generated-metadata-removed	metadata	
docs/design/trash-dash/reference/characters/level-03/sprites/alley-cat-burglar.png	docs/design/trash-dash/library/characters/enemies/level-03/sprites/reference/alley-cat-burglar.png	library.characters.enemies.level-03.sprites.reference.alley-cat-burglar	b44c57884f4a592cbdf979d071c14183f9dafaa957512544f07f90e9ede00f97	canonical-moved	enemy-sprites	
docs/design/trash-dash/reference/characters/level-03/sprites/alley-cat-burglar.png.import			e9cc8f3d8d25cded3bc74a14b8d4cd28e810778bbb6e0556c8b5b45a0e99bb52	generated-metadata-removed	metadata	
docs/design/trash-dash/reference/characters/level-03/sprites/boss-pizza-rat-king.png	docs/design/trash-dash/library/characters/bosses/pizza-rat-king/sprites/reference/boss-pizza-rat-king.png	library.characters.bosses.pizza-rat-king.sprites.reference.boss-pizza-rat-king	ee5c495e2f0e2cdcca6735ef472a0c3b47fe53ec23a58a0e96e6a7e7457f7255	canonical-moved	boss-sprites	
docs/design/trash-dash/reference/characters/level-03/sprites/boss-pizza-rat-king.png.import			a949a5487ccd4c8dcfa7ffd72a2cc931519ba916c671917483475f1fec8f365a	generated-metadata-removed	metadata	
docs/design/trash-dash/reference/characters/level-03/sprites/sewer-rat-courier.png	docs/design/trash-dash/library/characters/enemies/level-03/sprites/reference/sewer-rat-courier.png	library.characters.enemies.level-03.sprites.reference.sewer-rat-courier	f1c81c500cd2b0ed3a2af5da52b323e0b47262a1a5912b30a3cbe8c3b2f53235	canonical-moved	enemy-sprites	
docs/design/trash-dash/reference/characters/level-03/sprites/sewer-rat-courier.png.import			2e0c027cba10ac64dc0407d55b332a90e47bfbc6744ecfbe4d341bb07e450212	generated-metadata-removed	metadata	
docs/design/trash-dash/reference/characters/level-03/sprites/subway-roach.png	docs/design/trash-dash/library/characters/enemies/level-03/sprites/reference/subway-roach.png	library.characters.enemies.level-03.sprites.reference.subway-roach	3a8abd8c161cfcddf9414af8655677f406c1122834b02fbfdb4c072ffee5f671	canonical-moved	enemy-sprites	
docs/design/trash-dash/reference/characters/level-03/sprites/subway-roach.png.import			f1eb083df6ade934c3f6dc48c2a359f5e34e6e22476eed3af9e8a181d817b5ab	generated-metadata-removed	metadata	
docs/design/trash-dash/reference/characters/level-03/sprites/traffic-cone-crab.png	docs/design/trash-dash/library/characters/enemies/level-03/sprites/reference/traffic-cone-crab.png	library.characters.enemies.level-03.sprites.reference.traffic-cone-crab	d25e7e0c667246a0939982fb9a648fa4b80fc86ab4ad889b8a7c408bab36412a	canonical-moved	enemy-sprites	
docs/design/trash-dash/reference/characters/level-03/sprites/traffic-cone-crab.png.import			c3081a2daf30fdf809d4dfe6f9099b408ef1eedb81276a44ac27dcb6cffcf43d	generated-metadata-removed	metadata	
docs/design/trash-dash/reference/characters/level-04/.DS_Store			f526e7250d043f730388579a4e47c386f6ae5517fabfa8282b7d056c12a6cb0f	generated-metadata-removed	metadata	
docs/design/trash-dash/reference/characters/level-04/concepts/boss.png	docs/design/trash-dash/library/characters/bosses/project-opossum/concepts/boss.png	library.characters.bosses.project-opossum.concepts.boss	51314f881572cce08d0c7d2afa800a941bcb23bc915ef43702fbf8918544a158	canonical-moved	boss-concepts	
docs/design/trash-dash/reference/characters/level-04/concepts/boss.png.import			a5cda3e6aff03c7014439b93d07503ba53f7bd0fc3297ffa0fcb08bcd2e34d5d	generated-metadata-removed	metadata	
docs/design/trash-dash/reference/characters/level-04/concepts/common-enemies.png	docs/design/trash-dash/library/characters/enemies/level-04/concepts/common-enemies.png	library.characters.enemies.level-04.concepts.common-enemies	978ebca8c9e1c0d2d5677a2173cd10495fb92933b4214b7d586584be81f93238	canonical-moved	enemy-concepts	
docs/design/trash-dash/reference/characters/level-04/concepts/common-enemies.png.import			895a9109d5c66eeabbe6e5be2af4a39ae0749f562cb7e7c6131a32c54205f71c	generated-metadata-removed	metadata	
docs/design/trash-dash/reference/characters/level-04/sprites/beaker-slime.png	docs/design/trash-dash/library/characters/enemies/level-04/sprites/reference/beaker-slime.png	library.characters.enemies.level-04.sprites.reference.beaker-slime	63c8ac925bad5ead047e5a991bceb09a1d7014e8a1c6ae6e5dc9f655f89c5826	canonical-moved	enemy-sprites	
docs/design/trash-dash/reference/characters/level-04/sprites/beaker-slime.png.import			14a14a95dc489288de45dc958ca7e9bb0d27556ea8daf4bc14badb846d9db7c0	generated-metadata-removed	metadata	
docs/design/trash-dash/reference/characters/level-04/sprites/boss-project-opossum.png	docs/design/trash-dash/library/characters/bosses/project-opossum/sprites/reference/boss-project-opossum.png	library.characters.bosses.project-opossum.sprites.reference.boss-project-opossum	9d7eaab0811ac5b678493812773f80280a77eacbf16724eb9a316e2b344a8719	canonical-moved	boss-sprites	
docs/design/trash-dash/reference/characters/level-04/sprites/boss-project-opossum.png.import			8123927c753aeec2f5d4ccada2659b76ce03d5e03ff303924daa73b0c648332c	generated-metadata-removed	metadata	
docs/design/trash-dash/reference/characters/level-04/sprites/clipboard-hamster.png	docs/design/trash-dash/library/characters/enemies/level-04/sprites/reference/clipboard-hamster.png	library.characters.enemies.level-04.sprites.reference.clipboard-hamster	a07a7f4d219bc79a22af93f738ea6afd7957c96ba241c8c36deaa4e8d55d197d	canonical-moved	enemy-sprites	
docs/design/trash-dash/reference/characters/level-04/sprites/clipboard-hamster.png.import			9a16898fcb8c8ebe91d9aefbe49e342115e75d5d656f711517c14db456f94ab5	generated-metadata-removed	metadata	
docs/design/trash-dash/reference/characters/level-04/sprites/mop-bot-3000.png	docs/design/trash-dash/library/characters/enemies/level-04/sprites/reference/mop-bot-3000.png	library.characters.enemies.level-04.sprites.reference.mop-bot-3000	f84e67091716a219c99ae85cf691ae90b693ff725625c6000ad8242d245a6bde	canonical-moved	enemy-sprites	
docs/design/trash-dash/reference/characters/level-04/sprites/mop-bot-3000.png.import			521acc5b756e897f5e32b96d45380b031f76cac4a43fe75ba7c6dbf4926f17ae	generated-metadata-removed	metadata	
docs/design/trash-dash/reference/characters/level-04/sprites/phase-gecko.png	docs/design/trash-dash/library/characters/enemies/level-04/sprites/reference/phase-gecko.png	library.characters.enemies.level-04.sprites.reference.phase-gecko	06d2de1f1d4e38894960e571da32f77898bed8bc0dc56b240e46b8a62a996d28	canonical-moved	enemy-sprites	
docs/design/trash-dash/reference/characters/level-04/sprites/phase-gecko.png.import			91dd0323ec8105aaf8d5481ee06ee9477c6db16ad6aa13429d71b3390b95ee77	generated-metadata-removed	metadata	
docs/design/trash-dash/reference/characters/level-05/.DS_Store			f526e7250d043f730388579a4e47c386f6ae5517fabfa8282b7d056c12a6cb0f	generated-metadata-removed	metadata	
docs/design/trash-dash/reference/characters/level-05/concepts/boss.png	docs/design/trash-dash/library/characters/bosses/galactogobbler/concepts/boss.png	library.characters.bosses.galactogobbler.concepts.boss	6ddf5162295ddbcd24d7c5eb6b9ccd22fc3cf2f904f873385e8a1150c00e65fd	canonical-moved	boss-concepts	
docs/design/trash-dash/reference/characters/level-05/concepts/boss.png.import			2a55318add6a8529917b1cf0f05f4dac756cc5b331cb68167035621d3fca5da4	generated-metadata-removed	metadata	
docs/design/trash-dash/reference/characters/level-05/concepts/common-enemies.png	docs/design/trash-dash/library/characters/enemies/level-05/concepts/common-enemies.png	library.characters.enemies.level-05.concepts.common-enemies	5abe3844b5d9bdca57013a66e1a792da5f9b3088dc9fd4ecc4a9106430c775c3	canonical-moved	enemy-concepts	
docs/design/trash-dash/reference/characters/level-05/concepts/common-enemies.png.import			c2bfc1c7e1cc1ebfc3c7f58be94fbacf9c1790f067e800a5143f4f4f7f2603f1	generated-metadata-removed	metadata	
docs/design/trash-dash/reference/characters/level-05/sprites/asteroid-armadillo.png	docs/design/trash-dash/library/characters/enemies/level-05/sprites/reference/asteroid-armadillo.png	library.characters.enemies.level-05.sprites.reference.asteroid-armadillo	c7d0d1462e1c8ad1f61adda63071e66ccbb7a1e32acb0dd64e7d9dbd01d05e60	canonical-moved	enemy-sprites	
docs/design/trash-dash/reference/characters/level-05/sprites/asteroid-armadillo.png.import			9f2814084dcfa4a32d12769075fce6800dfa26c75e20bbdc5b5c093f19aad7bc	generated-metadata-removed	metadata	
docs/design/trash-dash/reference/characters/level-05/sprites/boss-galactogobbler.png	docs/design/trash-dash/library/characters/bosses/galactogobbler/sprites/reference/boss-galactogobbler.png	library.characters.bosses.galactogobbler.sprites.reference.boss-galactogobbler	9c1896aa4b61bed52586e4b1df3dbeca002e3edb09da536ab17945332284ace4	canonical-moved	boss-sprites	
docs/design/trash-dash/reference/characters/level-05/sprites/boss-galactogobbler.png.import			f932d478d0850347bf7e2aae062712a1d669b5ff1359445660288084cce9d65c	generated-metadata-removed	metadata	
docs/design/trash-dash/reference/characters/level-05/sprites/rocket-roach.png	docs/design/trash-dash/library/characters/enemies/level-05/sprites/reference/rocket-roach.png	library.characters.enemies.level-05.sprites.reference.rocket-roach	72b0c488194b261245ca70d7e146bceb7e9a4a9ff8292de19bdecfb341761457	canonical-moved	enemy-sprites	
docs/design/trash-dash/reference/characters/level-05/sprites/rocket-roach.png.import			2499c601a4780274501483a97494832b704590a11c446e4014429fbcbd89cfae	generated-metadata-removed	metadata	
docs/design/trash-dash/reference/characters/level-05/sprites/satellite-hermit-crab.png	docs/design/trash-dash/library/characters/enemies/level-05/sprites/reference/satellite-hermit-crab.png	library.characters.enemies.level-05.sprites.reference.satellite-hermit-crab	d75d309b7074f35efeb4ca77bf662cbc9636c393976f079fbc8e6ea304044401	canonical-moved	enemy-sprites	
docs/design/trash-dash/reference/characters/level-05/sprites/satellite-hermit-crab.png.import			9c87852250c57c74f7ef62bb2ae07b46ff2f182a51d80977ee02ea78fbf0d405	generated-metadata-removed	metadata	
docs/design/trash-dash/reference/characters/level-05/sprites/vacuum-jelly.png	docs/design/trash-dash/library/characters/enemies/level-05/sprites/reference/vacuum-jelly.png	library.characters.enemies.level-05.sprites.reference.vacuum-jelly	9d845f875dcde4d826292b970814fed0464e3d3e24b1ddc175724c03609dc869	canonical-moved	enemy-sprites	
docs/design/trash-dash/reference/characters/level-05/sprites/vacuum-jelly.png.import			4a5740c8cc08e986e2409ebaf9107d7c2154cdd5b6e0074055c92073d8281174	generated-metadata-removed	metadata	
docs/design/trash-dash/reference/characters/level-06/.DS_Store			f526e7250d043f730388579a4e47c386f6ae5517fabfa8282b7d056c12a6cb0f	generated-metadata-removed	metadata	
docs/design/trash-dash/reference/characters/level-06/concepts/boss.png	docs/design/trash-dash/library/characters/bosses/diamond-don/concepts/boss.png	library.characters.bosses.diamond-don.concepts.boss	f0f4cd8582ed40d6bb0c52f79f646826264c5c8b0cf26256872e1fa4cdd38a0f	canonical-moved	boss-concepts	
docs/design/trash-dash/reference/characters/level-06/concepts/boss.png.import			d5e7558c1fab483d3965334c2a55a5398ec32f59882e4a5a5452ed9a78117c61	generated-metadata-removed	metadata	
docs/design/trash-dash/reference/characters/level-06/concepts/common-enemies.png	docs/design/trash-dash/library/characters/enemies/level-06/concepts/common-enemies.png	library.characters.enemies.level-06.concepts.common-enemies	19e4aa5294369eea16bb4dddb5da44a8dd78cdf7659e89c245edb1d988092d73	canonical-moved	enemy-concepts	
docs/design/trash-dash/reference/characters/level-06/concepts/common-enemies.png.import			23c7dfcf86e25e149481c8b97d0a890c53e676d6a755b481f0916a0157aaecc6	generated-metadata-removed	metadata	
docs/design/trash-dash/reference/characters/level-06/sprites/baserunning-beaver.png	docs/design/trash-dash/library/characters/enemies/level-06/sprites/reference/baserunning-beaver.png	library.characters.enemies.level-06.sprites.reference.baserunning-beaver	8de622cee29b44ace42f22a4b193636e07536e3917fda774b125f93aa6cbedfa	canonical-moved	enemy-sprites	
docs/design/trash-dash/reference/characters/level-06/sprites/baserunning-beaver.png.import			97814bdc72ec3df926c05b0d01444440e7444f3867146689f12b1e2b00b4cf47	generated-metadata-removed	metadata	
docs/design/trash-dash/reference/characters/level-06/sprites/boss-diamond-don.png	docs/design/trash-dash/library/characters/bosses/diamond-don/sprites/reference/boss-diamond-don.png	library.characters.bosses.diamond-don.sprites.reference.boss-diamond-don	f6132b478842f9cf6a5d54b32072e3ac1027aad3b1835350b40be680b483f5ac	canonical-moved	boss-sprites	
docs/design/trash-dash/reference/characters/level-06/sprites/boss-diamond-don.png.import			17b647be92bf57bfbfbd50438859d55222d34ee2ee5402e52fb6504036fe47d3	generated-metadata-removed	metadata	
docs/design/trash-dash/reference/characters/level-06/sprites/clobbering-cub.png	docs/design/trash-dash/library/characters/enemies/level-06/sprites/reference/clobbering-cub.png	library.characters.enemies.level-06.sprites.reference.clobbering-cub	105e5c899377729426fac3000883885a24d573f2f528ba683322d884b28fac2f	canonical-moved	enemy-sprites	
docs/design/trash-dash/reference/characters/level-06/sprites/clobbering-cub.png.import			99789869fe90c599d2ce053826dd319e1c276409cd5cfb48aa985938bfa1e284	generated-metadata-removed	metadata	
docs/design/trash-dash/reference/characters/level-06/sprites/sliding-seagull.png	docs/design/trash-dash/library/characters/enemies/level-06/sprites/reference/sliding-seagull.png	library.characters.enemies.level-06.sprites.reference.sliding-seagull	f3fa9ba1e9e4c89658780cb388c89505d82b3581690586b673fe5fb783d03082	canonical-moved	enemy-sprites	
docs/design/trash-dash/reference/characters/level-06/sprites/sliding-seagull.png.import			e85b27516879e62f21c1bf76b70de1fb8af7ef52899448b075adc165b13caeb4	generated-metadata-removed	metadata	
docs/design/trash-dash/reference/characters/level-06/sprites/windup-weasel.png	docs/design/trash-dash/library/characters/enemies/level-06/sprites/reference/windup-weasel.png	library.characters.enemies.level-06.sprites.reference.windup-weasel	9eb7bc927b63e1ac7fef26e10d1c0cc787d9a0c5d615e97019ec2159b9edc7b2	canonical-moved	enemy-sprites	
docs/design/trash-dash/reference/characters/level-06/sprites/windup-weasel.png.import			96dd8dfcac8e73dccefd31824391555781e1ac861c9aab08a55ff780c6555b21	generated-metadata-removed	metadata	
docs/design/trash-dash/reference/environments/.DS_Store			e9f9dbc0e0101ad04d406984320d16456a75ef690ce2dc17ada8f60390d3f7e8	generated-metadata-removed	metadata	
docs/design/trash-dash/reference/environments/level-01/level-1-01-deep-woodland.png	docs/design/trash-dash/library/environments/backgrounds/level-01/level-1-01-deep-woodland.png	library.environments.backgrounds.level-01.level-1-01-deep-woodland	67cbd04ca3a75d7c2d8127f7662c1eb8fffe637ee6b68da60bedf30ba0e14d49	canonical-moved	background	
docs/design/trash-dash/reference/environments/level-01/level-1-01-deep-woodland.png.import			b82920569dfb038e52277bb232f28a51c17ecae1116cd5009ea15a7fd77ef112	generated-metadata-removed	metadata	
docs/design/trash-dash/reference/environments/level-01/level-1-02-creek-and-ruined-mill.png	docs/design/trash-dash/library/environments/backgrounds/level-01/level-1-02-creek-and-ruined-mill.png	library.environments.backgrounds.level-01.level-1-02-creek-and-ruined-mill	c6c51bb35f128863495cdec1edf5956d4c45689a0dd5414631a0107c255d88df	canonical-moved	background	
docs/design/trash-dash/reference/environments/level-01/level-1-02-creek-and-ruined-mill.png.import			ce0814d5effea7d742648ab58a001e9691903e13f939d67374c65e7e94357773	generated-metadata-removed	metadata	
docs/design/trash-dash/reference/environments/level-01/level-1-03-forest-edge-highway.png	docs/design/trash-dash/library/environments/backgrounds/level-01/level-1-03-forest-edge-highway.png	library.environments.backgrounds.level-01.level-1-03-forest-edge-highway	3ecec312698aba4398de937d2db5627af6d774103d837847c0cb5b26e0b4e9bb	canonical-moved	background	
docs/design/trash-dash/reference/environments/level-01/level-1-03-forest-edge-highway.png.import			b73481fb8f2dfff724806afa52e716a13ca7fcabff0dec086072a99ab30c9190	generated-metadata-removed	metadata	
docs/design/trash-dash/reference/environments/level-01/level-1-04-industrial-city-fringe.png	docs/design/trash-dash/library/environments/backgrounds/level-01/level-1-04-industrial-city-fringe.png	library.environments.backgrounds.level-01.level-1-04-industrial-city-fringe	d784683ebbb5feaf5c11506fe712d7af6c1d5efc5a1f0e5ea52b83a24490393f	canonical-moved	background	
docs/design/trash-dash/reference/environments/level-01/level-1-04-industrial-city-fringe.png.import			6e2f0d16fb9eb39218e7df535afd8097aa8fa12a14a1a3c945025183fc4cc030	generated-metadata-removed	metadata	
docs/design/trash-dash/reference/environments/level-01/level-1-05-urban-park-transition.png	docs/design/trash-dash/library/environments/backgrounds/level-01/level-1-05-urban-park-transition.png	library.environments.backgrounds.level-01.level-1-05-urban-park-transition	070282879b02cc60264224baf9197ff7f855024b826d4e062d6b597d850decff	canonical-moved	background	
docs/design/trash-dash/reference/environments/level-01/level-1-05-urban-park-transition.png.import			b6be43954956c09af8057802f6ed4e42a93109f49070024f0b6549ef77b12adb	generated-metadata-removed	metadata	
docs/design/trash-dash/reference/environments/level-02/level-2-01-moonlit-backyard.png	docs/design/trash-dash/library/environments/backgrounds/level-02/level-2-01-moonlit-backyard.png	library.environments.backgrounds.level-02.level-2-01-moonlit-backyard	c040f99b882db3931c133393711d3374f207e8174991cd9e66ec26a0b602bfb5	canonical-moved	background	
docs/design/trash-dash/reference/environments/level-02/level-2-01-moonlit-backyard.png.import			0ffa00400987e0fe7849948b8f89a133097b0e8ba48c8585eb1cc7fc7e1338f3	generated-metadata-removed	metadata	
docs/design/trash-dash/reference/environments/level-02/level-2-02-garbage-night-street.png	docs/design/trash-dash/library/environments/backgrounds/level-02/level-2-02-garbage-night-street.png	library.environments.backgrounds.level-02.level-2-02-garbage-night-street	3e0f803153ad7714bb1f6368885daac2686769ccead2d93908ede2f0a9199ec5	canonical-moved	background	
docs/design/trash-dash/reference/environments/level-02/level-2-02-garbage-night-street.png.import			bfb6be8e2fac4b05b775f4ed17fd5602fd10282631689e8a0a2e953384c9d87a	generated-metadata-removed	metadata	
docs/design/trash-dash/reference/environments/level-02/level-2-03-backyard-obstacle-course.png	docs/design/trash-dash/library/environments/backgrounds/level-02/level-2-03-backyard-obstacle-course.png	library.environments.backgrounds.level-02.level-2-03-backyard-obstacle-course	d35c6d9796b423bb53c45dab55dd22148f78bfee3968c046d6f74b46275ca7c5	canonical-moved	background	
docs/design/trash-dash/reference/environments/level-02/level-2-03-backyard-obstacle-course.png.import			8f81c8642ef242d6a0b4b20f37027fb327154193259f0938350b0af4b235dcdc	generated-metadata-removed	metadata	
docs/design/trash-dash/reference/environments/level-02/level-2-04-drainage-ditch-and-culvert.png	docs/design/trash-dash/library/environments/backgrounds/level-02/level-2-04-drainage-ditch-and-culvert.png	library.environments.backgrounds.level-02.level-2-04-drainage-ditch-and-culvert	5b98903b39d8de949f40186976a99b49b4cee14ba428ee14b92d1aa45abfe63f	canonical-moved	background	
docs/design/trash-dash/reference/environments/level-02/level-2-04-drainage-ditch-and-culvert.png.import			40c569987ad15600d7c8a18063f921b7c09b27cfb826ca2753624b171a93b545	generated-metadata-removed	metadata	
docs/design/trash-dash/reference/environments/level-02/level-2-05-suburban-main-street.png	docs/design/trash-dash/library/environments/backgrounds/level-02/level-2-05-suburban-main-street.png	library.environments.backgrounds.level-02.level-2-05-suburban-main-street	b7559ed0da19f435bdbf6465b0094ceebf3e907972806dc03d08d50dd0f64597	canonical-moved	background	
docs/design/trash-dash/reference/environments/level-02/level-2-05-suburban-main-street.png.import			a32e8c3b1962d24ca0dce1ea88e8d2b0df96607ffff33e276f7957ec045ccc19	generated-metadata-removed	metadata	
docs/design/trash-dash/reference/environments/level-03/level-3-01-restaurant-alley.png	docs/design/trash-dash/library/environments/backgrounds/level-03/level-3-01-restaurant-alley.png	library.environments.backgrounds.level-03.level-3-01-restaurant-alley	d42d6b1ecf87ea9be01364503eea363fb3d401196199fca263aceaca6eb0cc94	canonical-moved	background	
docs/design/trash-dash/reference/environments/level-03/level-3-01-restaurant-alley.png.import			64adb5e62be2bdb9ad3a3cc1d103f108ebf06b2beb48c4d7af2b3add50b6aa07	generated-metadata-removed	metadata	
docs/design/trash-dash/reference/environments/level-03/level-3-02-rainy-downtown-avenue.png	docs/design/trash-dash/library/environments/backgrounds/level-03/level-3-02-rainy-downtown-avenue.png	library.environments.backgrounds.level-03.level-3-02-rainy-downtown-avenue	b3f2d8ae0568c67da4d6641928bf30df565992a84a81db07aec762ceace2670c	canonical-moved	background	
docs/design/trash-dash/reference/environments/level-03/level-3-02-rainy-downtown-avenue.png.import			842085095a756f2c4ade6b7175ebfb70e971955610440f24fb5dae76a8095fc7	generated-metadata-removed	metadata	
docs/design/trash-dash/reference/environments/level-03/level-3-03-rooftop-run.png	docs/design/trash-dash/library/environments/backgrounds/level-03/level-3-03-rooftop-run.png	library.environments.backgrounds.level-03.level-3-03-rooftop-run	08042ce62146ed8ae746883c79e77df24467f86d4eb7ef188852864c9344cd4f	canonical-moved	background	
docs/design/trash-dash/reference/environments/level-03/level-3-03-rooftop-run.png.import			6752d9814d55342f3bd45c0c835b422a42df7cbfdf5b75ba5056106ad247bca3	generated-metadata-removed	metadata	
docs/design/trash-dash/reference/environments/level-03/level-3-04-subway-maintenance-tunnels.png	docs/design/trash-dash/library/environments/backgrounds/level-03/level-3-04-subway-maintenance-tunnels.png	library.environments.backgrounds.level-03.level-3-04-subway-maintenance-tunnels	a9c9a692fcce114521a1bd7fbca7035a474c25a4bf2e99d40e8c0119e52114bc	canonical-moved	background	
docs/design/trash-dash/reference/environments/level-03/level-3-04-subway-maintenance-tunnels.png.import			87cb840694ae548f587851d17ab53b9a283657cd33a53a541554cc4b9bfe1227	generated-metadata-removed	metadata	
docs/design/trash-dash/reference/environments/level-03/level-3-05-construction-site-finale.png	docs/design/trash-dash/library/environments/backgrounds/level-03/level-3-05-construction-site-finale.png	library.environments.backgrounds.level-03.level-3-05-construction-site-finale	cd243eef95cf79db4d5d66215a642ab11fd5b84688000db68094c94790b42a3b	canonical-moved	background	
docs/design/trash-dash/reference/environments/level-03/level-3-05-construction-site-finale.png.import			ec0241d16a3141837ac0f4477bd6745e1ed9c48ae95eaf33cf3f92c16e982c86	generated-metadata-removed	metadata	
docs/design/trash-dash/reference/environments/level-04/level-4-01-hidden-service-entrance.png	docs/design/trash-dash/library/environments/backgrounds/level-04/level-4-01-hidden-service-entrance.png	library.environments.backgrounds.level-04.level-4-01-hidden-service-entrance	5134992bc6e733b2e87d9ae13ca58e2dabac2eb565d22160fc4dc4cd7214b4cf	canonical-moved	background	
docs/design/trash-dash/reference/environments/level-04/level-4-01-hidden-service-entrance.png.import			b9ab52595f62908fde74f3ce6a4ea84b086be72a0a49b1cf69245f9a97845fe8	generated-metadata-removed	metadata	
docs/design/trash-dash/reference/environments/level-04/level-4-02-experimental-laboratory.png	docs/design/trash-dash/library/environments/backgrounds/level-04/level-4-02-experimental-laboratory.png	library.environments.backgrounds.level-04.level-4-02-experimental-laboratory	d679ab35db6b85053d8eda600aa5b9da8bbc17461c3113137bd860d487743eb4	canonical-moved	background	
docs/design/trash-dash/reference/environments/level-04/level-4-02-experimental-laboratory.png.import			60e81434da8049197346392be2897a847266aee217aa5000c0da0b8682f5f279	generated-metadata-removed	metadata	
docs/design/trash-dash/reference/environments/level-04/level-4-03-robotics-assembly-chamber.png	docs/design/trash-dash/library/environments/backgrounds/level-04/level-4-03-robotics-assembly-chamber.png	library.environments.backgrounds.level-04.level-4-03-robotics-assembly-chamber	d9274dda9225e49ca85aa0096ffc4d73c5308e4148e96e946c7212aa074f0439	canonical-moved	background	
docs/design/trash-dash/reference/environments/level-04/level-4-03-robotics-assembly-chamber.png.import			54a2d8b1cbba0b408d91efe79467b27f4de74df1ce746dfed952ce94488cc8f9	generated-metadata-removed	metadata	
docs/design/trash-dash/reference/environments/level-04/level-4-04-zero-gravity-research-chamber.png	docs/design/trash-dash/library/environments/backgrounds/level-04/level-4-04-zero-gravity-research-chamber.png	library.environments.backgrounds.level-04.level-4-04-zero-gravity-research-chamber	6a6ae27c1010bb84b806303181d265e1a8aba5db2423dc5314e2cceb40f6c68c	canonical-moved	background	
docs/design/trash-dash/reference/environments/level-04/level-4-04-zero-gravity-research-chamber.png.import			f763bac4753d87d886a0676f9cffac2c031779ff9437ad00130f3568f4209276	generated-metadata-removed	metadata	
docs/design/trash-dash/reference/environments/level-04/level-4-05-rocket-hangar-finale.png	docs/design/trash-dash/library/environments/backgrounds/level-04/level-4-05-rocket-hangar-finale.png	library.environments.backgrounds.level-04.level-4-05-rocket-hangar-finale	e3c5e997e59a1ffa9f083cd1a3276922168825fa6b5e9c4864a4896d5d98c3b6	canonical-moved	background	
docs/design/trash-dash/reference/environments/level-04/level-4-05-rocket-hangar-finale.png.import			b6b53a65fbe755398daf07befc5e263a27810cee9e304ff7c379e1198b825ad0	generated-metadata-removed	metadata	
docs/design/trash-dash/reference/environments/level-05/level-5-01-low-earth-orbit.png	docs/design/trash-dash/library/environments/backgrounds/level-05/level-5-01-low-earth-orbit.png	library.environments.backgrounds.level-05.level-5-01-low-earth-orbit	bdbbc6e36a789c4b004f522db368012ef91e85c6412c5d345f0174373542b4bc	canonical-moved	background	
docs/design/trash-dash/reference/environments/level-05/level-5-01-low-earth-orbit.png.import			1def81e777d37d86c517b3675befa8a790a6bfb6b4f3861a2978bd47ab4bfd7e	generated-metadata-removed	metadata	
docs/design/trash-dash/reference/environments/level-05/level-5-02-satellite-graveyard.png	docs/design/trash-dash/library/environments/backgrounds/level-05/level-5-02-satellite-graveyard.png	library.environments.backgrounds.level-05.level-5-02-satellite-graveyard	a6829c852db5d23341bea3b1b337be1c17b4afd7bfa4761f92dda69f5ff97d34	canonical-moved	background	
docs/design/trash-dash/reference/environments/level-05/level-5-02-satellite-graveyard.png.import			0e48a127200881e63473130e3d04964e8fca72c9586faec4b1f3649892f0d227	generated-metadata-removed	metadata	
docs/design/trash-dash/reference/environments/level-05/level-5-03-nebula-asteroid-mine.png	docs/design/trash-dash/library/environments/backgrounds/level-05/level-5-03-nebula-asteroid-mine.png	library.environments.backgrounds.level-05.level-5-03-nebula-asteroid-mine	9856d07ac439507d7f6972101a67fc94b9359fdea0da848e5e8cf8228fe2ca98	canonical-moved	background	
docs/design/trash-dash/reference/environments/level-05/level-5-03-nebula-asteroid-mine.png.import			d91c0ab11b3df788d094d6e3036238f268dad43534489d4c85f158525011415a	generated-metadata-removed	metadata	
docs/design/trash-dash/reference/environments/level-05/level-5-04-abandoned-alien-station.png	docs/design/trash-dash/library/environments/backgrounds/level-05/level-5-04-abandoned-alien-station.png	library.environments.backgrounds.level-05.level-5-04-abandoned-alien-station	6b44edba27c1401fedef0f5203ae75fa7cffda66bd64e1e7c605af94ec225e97	canonical-moved	background	
docs/design/trash-dash/reference/environments/level-05/level-5-04-abandoned-alien-station.png.import			50dbd6dba572b4fd5f91997278b1ac17154b8b23bc26249ee8217e3235fbb7dd	generated-metadata-removed	metadata	
docs/design/trash-dash/reference/environments/level-05/level-5-05-intergalactic-junk-world.png	docs/design/trash-dash/library/environments/backgrounds/level-05/level-5-05-intergalactic-junk-world.png	library.environments.backgrounds.level-05.level-5-05-intergalactic-junk-world	b9f65ce38f786ece180aede33fbfa064b5eec56d4573929f5cf10abcc7198610	canonical-moved	background	
docs/design/trash-dash/reference/environments/level-05/level-5-05-intergalactic-junk-world.png.import			0fc7d77fa39b0ff3422e4c46dad317685e0dd5c442cdda87e281ed58a9978ece	generated-metadata-removed	metadata	
docs/design/trash-dash/reference/environments/level-06/level-6-01-entryway.png	docs/design/trash-dash/library/environments/backgrounds/level-06/level-6-01-entryway.png	library.environments.backgrounds.level-06.level-6-01-entryway	1ba3d10c748e401a1d0494424a1c0c0ff7e7c0ca06e35f870dbfa82af5be5022	canonical-moved	background	
docs/design/trash-dash/reference/environments/level-06/level-6-01-entryway.png.import			3ba65895cdd762df81cb77b391f6148082781d541b04a5c8a633cf7e27c81751	generated-metadata-removed	metadata	
docs/design/trash-dash/reference/environments/level-06/level-6-02-concessions.png	docs/design/trash-dash/library/environments/backgrounds/level-06/level-6-02-concessions.png	library.environments.backgrounds.level-06.level-6-02-concessions	efd411315086567d94a387278caf30cc452090ac60aecc7970c7222ce3257117	canonical-moved	background	
docs/design/trash-dash/reference/environments/level-06/level-6-02-concessions.png.import			23dec9042570ffa064570aac32fbe207894b6deedaa30a20d8710639fdcff740	generated-metadata-removed	metadata	
docs/design/trash-dash/reference/environments/level-06/level-6-03-stadium-seats.png	docs/design/trash-dash/library/environments/backgrounds/level-06/level-6-03-stadium-seats.png	library.environments.backgrounds.level-06.level-6-03-stadium-seats	b20513d39309d29357a61ccb5bc4886a070a84377d5ce0a56a0437515d7d551a	canonical-moved	background	
docs/design/trash-dash/reference/environments/level-06/level-6-03-stadium-seats.png.import			115ec10cb5bcd1f16483227d1edea52d019dde2875d4b5e1b61abcaddd0c02ef	generated-metadata-removed	metadata	
docs/design/trash-dash/reference/environments/level-06/level-6-04-outfield.png	docs/design/trash-dash/library/environments/backgrounds/level-06/level-6-04-outfield.png	library.environments.backgrounds.level-06.level-6-04-outfield	62d657e5ae3f4288e9a96f03dcf192a3789d267c913a95ff71330ad1ee355b49	canonical-moved	background	
docs/design/trash-dash/reference/environments/level-06/level-6-04-outfield.png.import			00d8180b22300334fbc132da475117dbce3f43c7c828ac71905554c0b63b520f	generated-metadata-removed	metadata	
docs/design/trash-dash/reference/environments/level-06/level-6-05-infield-boss-arena.png	docs/design/trash-dash/library/environments/backgrounds/level-06/level-6-05-infield-boss-arena.png	library.environments.backgrounds.level-06.level-6-05-infield-boss-arena	725ff6bce6357dbd0230c307275c681fd808c06ad5261bb3f14eae6357c67b2d	canonical-moved	background	
docs/design/trash-dash/reference/environments/level-06/level-6-05-infield-boss-arena.png.import			5bbd9b7bd418a1c2cb2806b2b303ba9af6b78d46d0d6965848263b2a4f47c425	generated-metadata-removed	metadata	
docs/design/trash-dash/reference/foreground-assets/.DS_Store			9f395de162a187bacfe4c7b8bbfa5072910529f31829c871e2dff42e3602fd05	generated-metadata-removed	metadata	
docs/design/trash-dash/reference/foreground-assets/level-01/foreground-gameplay-assets.png	docs/design/trash-dash/library/environments/foreground/level-01/foreground-gameplay-assets.png	library.environments.foreground.level-01.foreground-gameplay-assets	c0f8e3a6ed4ad9dd0d687a80e0f5a82963a778dfd0a464753a8911c891c15f19	canonical-moved	foreground	
docs/design/trash-dash/reference/foreground-assets/level-01/foreground-gameplay-assets.png.import			192e8a32e2ecf491f80779d53f2cdc1f729ec6252c9589b856a7692c5fd966b5	generated-metadata-removed	metadata	
docs/design/trash-dash/reference/foreground-assets/level-02/foreground-gameplay-assets.png	docs/design/trash-dash/library/environments/foreground/level-02/foreground-gameplay-assets.png	library.environments.foreground.level-02.foreground-gameplay-assets	2325cb80616ec629285b58b95df1c5ae17086c9ac67483e63c3ee8a73b8eb32f	canonical-moved	foreground	
docs/design/trash-dash/reference/foreground-assets/level-02/foreground-gameplay-assets.png.import			7551b4faab79b4affec2c35fa44437613ead240c73239780b387cdb3f015eeed	generated-metadata-removed	metadata	
docs/design/trash-dash/reference/foreground-assets/level-03/foreground-gameplay-assets.png	docs/design/trash-dash/library/environments/foreground/level-03/foreground-gameplay-assets.png	library.environments.foreground.level-03.foreground-gameplay-assets	8672e6a060cb1782bcf7bece1676fe8937c5ed8019e8b75a626196bbbc0fdcc7	canonical-moved	foreground	
docs/design/trash-dash/reference/foreground-assets/level-03/foreground-gameplay-assets.png.import			5ca271c58b38dcf5fbd5d5de7cf2360d0374cc8137fccb2acb88a2348e9a283e	generated-metadata-removed	metadata	
docs/design/trash-dash/reference/foreground-assets/level-04/foreground-gameplay-assets.png	docs/design/trash-dash/library/environments/foreground/level-04/foreground-gameplay-assets.png	library.environments.foreground.level-04.foreground-gameplay-assets	96cfe93375ecd5b5077b9e1700f18778a68446faf4b67c7ffdb36352d0ef7479	canonical-moved	foreground	
docs/design/trash-dash/reference/foreground-assets/level-04/foreground-gameplay-assets.png.import			eb57afa685ed5912fb5b3f998716ea6f79d7c95cf69d115539ec8975ebfc97e3	generated-metadata-removed	metadata	
docs/design/trash-dash/reference/foreground-assets/level-05/foreground-gameplay-assets.png	docs/design/trash-dash/library/environments/foreground/level-05/foreground-gameplay-assets.png	library.environments.foreground.level-05.foreground-gameplay-assets	dfd246a8fea7955619b5a020c0e4107255f0e4271d379ebe82790aedd4803d0e	canonical-moved	foreground	
docs/design/trash-dash/reference/foreground-assets/level-05/foreground-gameplay-assets.png.import			6956419551c187a0a074dd7169e3d9528e409180a829c1f53f17c6ba74b3e52c	generated-metadata-removed	metadata	
docs/design/trash-dash/reference/foreground-assets/level-06/foreground-gameplay-assets.png	docs/design/trash-dash/library/environments/foreground/level-06/foreground-gameplay-assets.png	library.environments.foreground.level-06.foreground-gameplay-assets	9fe2377ce1a807c76761ab31afa62fc6e212e163d3e7a8331e2e71126bd59615	canonical-moved	foreground	
docs/design/trash-dash/reference/foreground-assets/level-06/foreground-gameplay-assets.png.import			d00c9940b4079ca99e43e69b2c42ec7aedfe8b6b0b81681f662438c638ead916	generated-metadata-removed	metadata	
docs/design/trash-dash/reference/gameplay-tiles/.DS_Store			394473936179a5762e2c3dcfca6e054f2658ceddc7bfbfb6296c76a1c209e92d	generated-metadata-removed	metadata	
docs/design/trash-dash/reference/gameplay-tiles/concepts/trash_dash_forest_level_blueprint.png	docs/design/trash-dash/library/environments/blueprints/level-01/trash_dash_forest_level_blueprint.png	library.environments.blueprints.level-01.trash_dash_forest_level_blueprint	52bdb3827ec016513d68180d937d23a70eb0147face53536aadbf270674cfd65	canonical-moved	blueprints	
docs/design/trash-dash/reference/gameplay-tiles/concepts/trash_dash_forest_level_blueprint.png.import			97363aef7ee3ca833c807964001f5fbd65198da0e64a5f78685aa717f8e3ecaa	generated-metadata-removed	metadata	
docs/design/trash-dash/reference/gameplay-tiles/concepts/trash_dash_level_2_concept_board.png	docs/design/trash-dash/library/environments/concepts/level-02/trash_dash_level_2_concept_board.png	library.environments.concepts.level-02.trash_dash_level_2_concept_board	87943ee665bfaae2779701973fd1d8fb59be2eba4de310585d145eec00242e2d	canonical-moved	concepts	
docs/design/trash-dash/reference/gameplay-tiles/concepts/trash_dash_level_2_concept_board.png.import			894f35ecdfcbd334d9fbfcf384abe4a92023ea0cd58adccdb58a1fb830eaae3f	generated-metadata-removed	metadata	
docs/design/trash-dash/reference/gameplay-tiles/concepts/trash_dash_moonlit_neighborhood_blueprint.png	docs/design/trash-dash/library/environments/blueprints/level-02/trash_dash_moonlit_neighborhood_blueprint.png	library.environments.blueprints.level-02.trash_dash_moonlit_neighborhood_blueprint	f55f72691b32a931f68d99ca96aa8453efd7f0ee02ca2044742e8b0dcdad9585	canonical-moved	blueprints	
docs/design/trash-dash/reference/gameplay-tiles/concepts/trash_dash_moonlit_neighborhood_blueprint.png.import			4c9fa0ad04616c7b1d32484cb22ab6e6e5eb7f702cf59b7492244b71693bdff5	generated-metadata-removed	metadata	
docs/design/trash-dash/reference/gameplay-tiles/concepts/trash_dash_orbital_junkyard_concepts.png	docs/design/trash-dash/library/environments/concepts/level-05/trash_dash_orbital_junkyard_concepts.png	library.environments.concepts.level-05.trash_dash_orbital_junkyard_concepts	d2b57ddc333dec283507f7d8e1f3544e325f7fcd910477159a82db976daf6b44	canonical-moved	concepts	
docs/design/trash-dash/reference/gameplay-tiles/concepts/trash_dash_orbital_junkyard_concepts.png.import			9e8e30db1a59e220b8c4d64ee12ee4fb175bd723de29c3ec3ef654b443bac9e2	generated-metadata-removed	metadata	
docs/design/trash-dash/reference/gameplay-tiles/concepts/trash_dash_space_center_level_4.png	docs/design/trash-dash/library/environments/concepts/level-04/trash_dash_space_center_level_4.png	library.environments.concepts.level-04.trash_dash_space_center_level_4	aef3612c81da8befe72671a3f97520593601c82890b2d7d6b36f729b2b311ff8	canonical-moved	concepts	
docs/design/trash-dash/reference/gameplay-tiles/concepts/trash_dash_space_center_level_4.png.import			0c5cafb6da0981725206a641047055ff0ec973420dc2b15ec57d559c0c3443e3	generated-metadata-removed	metadata	
docs/design/trash-dash/reference/gameplay-tiles/concepts/trash_dash_stadium_nightfall_layout.png	docs/design/trash-dash/library/environments/blueprints/level-06/trash_dash_stadium_nightfall_layout.png	library.environments.blueprints.level-06.trash_dash_stadium_nightfall_layout	aa772f76049ab09c96274fe2b6bf3f1bb95ea10a80aed6b729fe30155d7b2d20	canonical-moved	blueprints	
docs/design/trash-dash/reference/gameplay-tiles/concepts/trash_dash_stadium_nightfall_layout.png.import			00922f5ac424a3f7347cc8ed42a44eae36d29d259825805770d70de874529214	generated-metadata-removed	metadata	
docs/design/trash-dash/reference/gameplay-tiles/sprites/trash_dash_level_3_sprite_sheet.png	docs/design/trash-dash/library/environments/tiles/level-03/trash_dash_level_3_sprite_sheet.png	library.environments.tiles.level-03.trash_dash_level_3_sprite_sheet	f2462f7d8b47559f9540f49645fe6472ceb25e50f039bba17953123be2d8a316	canonical-moved	tiles	
docs/design/trash-dash/reference/gameplay-tiles/sprites/trash_dash_level_3_sprite_sheet.png.import			83708ef6bb4565929c764931c01d1ebbf2da7a5b0f03f08f36a39fee23ee2a20	generated-metadata-removed	metadata	
docs/design/trash-dash/reference/gameplay-tiles/sprites/trash_dash_level_4_sprite_sheet.png	docs/design/trash-dash/library/environments/tiles/level-04/trash_dash_level_4_sprite_sheet.png	library.environments.tiles.level-04.trash_dash_level_4_sprite_sheet	213fc4287102e7e3ddcd7f1edc78c5c91732a1ca7a732f08476c21df9243ec8d	canonical-moved	tiles	
docs/design/trash-dash/reference/gameplay-tiles/sprites/trash_dash_level_4_sprite_sheet.png.import			692f0606231031f1ee94fa35bb4fc1d420d6c586b461a2c1026a0448bb220f22	generated-metadata-removed	metadata	
docs/design/trash-dash/reference/gameplay-tiles/sprites/trash_dash_orbital_junkyard_sprite_sheet.png	docs/design/trash-dash/library/environments/tiles/level-05/trash_dash_orbital_junkyard_sprite_sheet.png	library.environments.tiles.level-05.trash_dash_orbital_junkyard_sprite_sheet	5085ba10771ae79823a96e6adb05d73a8953ed992bfb85cc63b4d56188f1d350	canonical-moved	tiles	
docs/design/trash-dash/reference/gameplay-tiles/sprites/trash_dash_orbital_junkyard_sprite_sheet.png.import			4205ff78ca1db167e49b85f3c8eac2764e36b677d5459db159da687be6ca785b	generated-metadata-removed	metadata	
docs/design/trash-dash/reference/gameplay-tiles/sprites/trash_dash_suburban_night_sprite_atlas.png	docs/design/trash-dash/library/environments/tiles/level-02/trash_dash_suburban_night_sprite_atlas.png	library.environments.tiles.level-02.trash_dash_suburban_night_sprite_atlas	773422aadb0e6a55305dbd1b3dd905328d558cc23341b9cb0fa32e0cda7c4a5d	canonical-moved	tiles	
docs/design/trash-dash/reference/gameplay-tiles/sprites/trash_dash_suburban_night_sprite_atlas.png.import			255f920d21c520a1b6d163b6b902d8a4a30aa6d78eb88e7e12b32a78e187066c	generated-metadata-removed	metadata	
docs/design/trash-dash/reference/items/.DS_Store			7ad225dec83a86bb8cd6caa02ad37660c47b5cca508b83bbc15be4a1e64d51b1	generated-metadata-removed	metadata	
docs/design/trash-dash/reference/items/concepts/collectibles-concept-approved.png	docs/design/trash-dash/library/gameplay/items/concepts/collectibles-concept-approved.png	library.gameplay.items.concepts.collectibles-concept-approved	44a7507f0eaa1ec4a949131ea9c3dd5e8bfa37e44dc967f61244641ced378464	canonical-moved	gameplay-items	
docs/design/trash-dash/reference/items/concepts/collectibles-concept-approved.png.import			cd12dab6a609efdb43961778f9fb47522a046e9a68609356d419a5b280348719	generated-metadata-removed	metadata	
docs/design/trash-dash/reference/items/concepts/powerups-concept-approved.png	docs/design/trash-dash/library/gameplay/powerups/concepts/reference/powerups-concept-approved.png	library.gameplay.powerups.concepts.reference.powerups-concept-approved	740f94f6352d504356fe678cd63b4666d96d91386684228ec3c1cfd9740ab01a	canonical-moved	gameplay-powerups	
docs/design/trash-dash/reference/items/concepts/powerups-concept-approved.png.import			aa6707ab5b2c1ddd05e873f45e95905c50e84f9eda9c197b8670f5ae9a36a23b	generated-metadata-removed	metadata	
docs/design/trash-dash/reference/items/sprites/collectibles-sprite-sheet-approved.png	docs/design/trash-dash/library/gameplay/items/sprites/collectibles-sprite-sheet-approved.png	library.gameplay.items.sprites.collectibles-sprite-sheet-approved	210b5b9ab9bfa731794f683afa20dad6e6b9d5c6d1f2ea3a1a63b19bf2c4828a	canonical-moved	gameplay-items	
docs/design/trash-dash/reference/items/sprites/collectibles-sprite-sheet-approved.png.import			ebc8bf6cfd56b6f229456bd54b234f17169df7cc57e9cb487231366de0da34cb	generated-metadata-removed	metadata	
docs/design/trash-dash/reference/items/sprites/powerups-sprite-sheet-approved.png	docs/design/trash-dash/library/gameplay/powerups/sprites/reference/powerups-sprite-sheet-approved.png	library.gameplay.powerups.sprites.reference.powerups-sprite-sheet-approved	40ad059b0c81b0b08425068fc2b6d55e87bcd2e343a7569cd91a27f54c6f78f4	canonical-moved	gameplay-powerups	
docs/design/trash-dash/reference/items/sprites/powerups-sprite-sheet-approved.png.import			568eb8661848dd534010df025100880a19274f577dfe4c7e941d52075f49db6f	generated-metadata-removed	metadata	
docs/design/trash-dash/reference/level-layouts/.DS_Store			cc091287c53dec291b5fadf9aee6c6becd86e857d1136a29c73e6694b8527731	generated-metadata-removed	metadata	
docs/design/trash-dash/reference/level-layouts/dynamic-approved/level-01-dynamic-layout-blueprint.png	docs/design/trash-dash/library/environments/blueprints/level-01/level-01-dynamic-layout-blueprint.png	library.environments.blueprints.level-01.level-01-dynamic-layout-blueprint	003c41b743e3e04f8b8ff5c59b623b89f0ff5973452fcb567e79a8258ba2db2f	canonical-moved	blueprint	
docs/design/trash-dash/reference/level-layouts/dynamic-approved/level-01-dynamic-layout-blueprint.png.import			1f92e8fb418e42913f1190121f4ae8036a65603ffc70c684b7f2ecadaa41c5b9	generated-metadata-removed	metadata	
docs/design/trash-dash/reference/level-layouts/dynamic-approved/level-02-dynamic-layout-blueprint.png	docs/design/trash-dash/library/environments/blueprints/level-02/level-02-dynamic-layout-blueprint.png	library.environments.blueprints.level-02.level-02-dynamic-layout-blueprint	a1a25cb63873562f10cf28bb2178a8ceca5abccf4259b9e23af8d5a4f6033910	canonical-moved	blueprint	
docs/design/trash-dash/reference/level-layouts/dynamic-approved/level-02-dynamic-layout-blueprint.png.import			c455593af54e3a9d2195153fb8dcafaf1014f902102f2e841e6e20542fc845b3	generated-metadata-removed	metadata	
docs/design/trash-dash/reference/level-layouts/dynamic-approved/level-03-dynamic-layout-blueprint.png	docs/design/trash-dash/library/environments/blueprints/level-03/level-03-dynamic-layout-blueprint.png	library.environments.blueprints.level-03.level-03-dynamic-layout-blueprint	9f0ba3865526d26eccccc4df92372929a4ca0688558e99fed2749ef16dc7d298	canonical-moved	blueprint	
docs/design/trash-dash/reference/level-layouts/dynamic-approved/level-03-dynamic-layout-blueprint.png.import			30d651a70915129649123d2097bfb8b03df2b21ac3d7bb269b1498d62ceffb0e	generated-metadata-removed	metadata	
docs/design/trash-dash/reference/level-layouts/dynamic-approved/level-04-dynamic-layout-blueprint.png	docs/design/trash-dash/library/environments/blueprints/level-04/level-04-dynamic-layout-blueprint.png	library.environments.blueprints.level-04.level-04-dynamic-layout-blueprint	b201a3754db2de5ec38fc6529b4431aea47f7c5f41cda75c30bab78cebe63c36	canonical-moved	blueprint	
docs/design/trash-dash/reference/level-layouts/dynamic-approved/level-04-dynamic-layout-blueprint.png.import			ec0b6ed173d26635557e60f6787f2b302debe2ad1a941ca9d86b525bcc45bec6	generated-metadata-removed	metadata	
docs/design/trash-dash/reference/level-layouts/dynamic-approved/level-05-dynamic-layout-blueprint.png	docs/design/trash-dash/library/environments/blueprints/level-05/level-05-dynamic-layout-blueprint.png	library.environments.blueprints.level-05.level-05-dynamic-layout-blueprint	b5bc0c4945e8bd743ed55e3cc1b834cb902c64d43beda51f80e972c371675039	canonical-moved	blueprint	
docs/design/trash-dash/reference/level-layouts/dynamic-approved/level-05-dynamic-layout-blueprint.png.import			edbb88db127613f3b2d003350cb1189bf097df5e46f5f05c718cb889ecf8b1b3	generated-metadata-removed	metadata	
docs/design/trash-dash/reference/level-layouts/dynamic-approved/level-06-dynamic-layout-blueprint.png	docs/design/trash-dash/library/environments/blueprints/level-06/level-06-dynamic-layout-blueprint.png	library.environments.blueprints.level-06.level-06-dynamic-layout-blueprint	09174a598e0f8e769f2e4e99db8806ab07a2f067d235d528b62aaa86f61d109e	canonical-moved	blueprint	
docs/design/trash-dash/reference/level-layouts/dynamic-approved/level-06-dynamic-layout-blueprint.png.import			21d8921157e7d485222d5edeb32e7d69c98b681357b0343af0ced46ba26c7a2a	generated-metadata-removed	metadata	
docs/design/trash-dash/reference/levels/.DS_Store			0e90973ed6160d09a92423890cb52e4ecff2af2cadc5b67d7e70c150dedaa434	generated-metadata-removed	metadata	
docs/design/trash-dash/reference/levels/level-01/.DS_Store			cc7970dc01728abb97794d162ada16d2480ad9b04f933a3ab3c829f30e5fc53a	generated-metadata-removed	metadata	
docs/design/trash-dash/reference/levels/level-01/concepts/level1_woodland_urban_edge_interactive_environment.png	docs/design/trash-dash/library/environments/concepts/level-01/level1_woodland_urban_edge_interactive_environment.png	library.environments.concepts.level-01.level1_woodland_urban_edge_interactive_environment	a0b1157b0ecc2afa88a1a9da0f563c8ab19ca421b620bf0c116a08ef5245698c	canonical-moved	environment-concept	
docs/design/trash-dash/reference/levels/level-01/concepts/level1_woodland_urban_edge_interactive_environment.png.import			0a06565def00f4ba261a079b8218aeda51b46b61edfbf976e96915083ce13c95	generated-metadata-removed	metadata	
docs/design/trash-dash/reference/levels/level-01/concepts/woodland_urban_edge.png	docs/design/trash-dash/library/environments/concepts/level-01/woodland_urban_edge.png	library.environments.concepts.level-01.woodland_urban_edge	5988e43595fa475364064431210bc54f0fa86cf816efb0325d4cb463c3749504	canonical-moved	environment-concept	
docs/design/trash-dash/reference/levels/level-01/concepts/woodland_urban_edge.png.import			a052bd51592b01914dd8d7e8a5006c4b58791fa5653ac715f9ce8c610eebd4c0	generated-metadata-removed	metadata	
docs/design/trash-dash/reference/levels/level-01/generation/level1_woodland_urban_edge.manifest.json	docs/design/trash-dash/packages/imported-source/trashy/levels/level-01/generation/level1_woodland_urban_edge.manifest.json		151dcd5eb96143ca8e22ced3455a900e7f9000c170e2dbf091325ce50dbaee32	package-preserved	trashy-generation	
docs/design/trash-dash/reference/levels/level-01/props/broken_concrete_block.png	docs/design/trash-dash/library/environments/props/level-01/broken_concrete_block.png	library.environments.props.level-01.broken_concrete_block	442984477915a8946525ae9c4176aa47d811bf16d88e7ca410f7940d4f19e627	canonical-moved	prop	
docs/design/trash-dash/reference/levels/level-01/props/broken_concrete_block.png.import			2839a4ed85140de9b87e56a7334511cfce0985a6d0514c2632e32ee575703a8d	generated-metadata-removed	metadata	
docs/design/trash-dash/reference/levels/level-01/props/broken_signpost.png	docs/design/trash-dash/library/environments/props/level-01/broken_signpost.png	library.environments.props.level-01.broken_signpost	88bc0b79ed12933dcccf0669507aa826a813b9fa16a919543dc1da08cf8730b3	canonical-moved	prop	
docs/design/trash-dash/reference/levels/level-01/props/broken_signpost.png.import			5f6594bce3ea11424ec1d0fce811de3597fedc124de1a43b32925feff5ce9015	generated-metadata-removed	metadata	
docs/design/trash-dash/reference/levels/level-01/props/camp_junk_pile.png	docs/design/trash-dash/library/environments/props/level-01/camp_junk_pile.png	library.environments.props.level-01.camp_junk_pile	8a05789cce695ae32c6decd3d7c7d3e22d053cb6bd07f941332d68f6ea4b3ce7	canonical-moved	prop	
docs/design/trash-dash/reference/levels/level-01/props/camp_junk_pile.png.import			8d9c1d1e18ef8712c851d70a2fc812cb0990f83d800289407a5f69ebdd66a1b9	generated-metadata-removed	metadata	
docs/design/trash-dash/reference/levels/level-01/props/fallen_log.png	docs/design/trash-dash/library/environments/props/level-01/fallen_log.png	library.environments.props.level-01.fallen_log	4e9c191f2dec68d0d05168673083188421fe3b0116383cbc9b9da1dfc9b8bdd4	canonical-moved	prop	
docs/design/trash-dash/reference/levels/level-01/props/fallen_log.png.import			debeb9067f2009acc976b862e0fcb4df1ebfc2e9a7db6d9a58221c00d8eeeb66	generated-metadata-removed	metadata	
docs/design/trash-dash/reference/levels/level-01/props/fern_clump.png	docs/design/trash-dash/library/environments/props/level-01/fern_clump.png	library.environments.props.level-01.fern_clump	7e9f7d1ff228234220b4fc63828118f6f3cec6cc6d239369fb5282150111d3a0	canonical-moved	prop	
docs/design/trash-dash/reference/levels/level-01/props/fern_clump.png.import			f31f4118c598f453bcdc434e2c483acb276742042f1cc4504434dd38ad3fd850	generated-metadata-removed	metadata	
docs/design/trash-dash/reference/levels/level-01/props/flat_stone_platform.png	docs/design/trash-dash/library/environments/props/level-01/flat_stone_platform.png	library.environments.props.level-01.flat_stone_platform	aa0eadbbd0f21606b7554c0963058090325faae1f8d3a9d19c832d56eca48596	canonical-moved	prop	
docs/design/trash-dash/reference/levels/level-01/props/flat_stone_platform.png.import			cd15556cbac823c7e306cab020cc39cce4e2323153e8f7a2a52356c4c4000cf3	generated-metadata-removed	metadata	
docs/design/trash-dash/reference/levels/level-01/props/mossy_stump.png	docs/design/trash-dash/library/environments/props/level-01/mossy_stump.png	library.environments.props.level-01.mossy_stump	568c9d5b3020fdac574d7706de2fc29912f8fbb734e39157c05b14f172f41b05	canonical-moved	prop	
docs/design/trash-dash/reference/levels/level-01/props/mossy_stump.png.import			89c4195fb3f833ffc30c03881fe2f7801aef255fd9be050cd28b61ecf4ec6f63	generated-metadata-removed	metadata	
docs/design/trash-dash/reference/levels/level-01/props/mushroom_cluster.png	docs/design/trash-dash/library/environments/props/level-01/mushroom_cluster.png	library.environments.props.level-01.mushroom_cluster	aef3f87a303d8ab5bf48af4b1a7d184497b070967b6cc37adf58a8b0efae5ae4	canonical-moved	prop	
docs/design/trash-dash/reference/levels/level-01/props/mushroom_cluster.png.import			a7994d7994f750764209e73af51d8524b6993965dde7865d6defd6f06226514e	generated-metadata-removed	metadata	
docs/design/trash-dash/reference/levels/level-01/props/rusty_can.png	docs/design/trash-dash/library/environments/props/level-01/rusty_can.png	library.environments.props.level-01.rusty_can	816df5d811d0fdf83f01b17a8e816f9bda036a73459036091cc2f6d982120211	canonical-moved	prop	
docs/design/trash-dash/reference/levels/level-01/props/rusty_can.png.import			0241c1897797799fb44f395b6cd0b349f9bb80e7799228e4cc706f61f4f67d54	generated-metadata-removed	metadata	
docs/design/trash-dash/reference/levels/level-01/props/tire_pile.png	docs/design/trash-dash/library/environments/props/level-01/tire_pile.png	library.environments.props.level-01.tire_pile	892f1d9804a3b5d5952bc6d459327c4771087dc40dde8abc336b973eb6b763b3	canonical-moved	prop	
docs/design/trash-dash/reference/levels/level-01/props/tire_pile.png.import			93008031aa5c23035f98b68bbdfa4db5034c3dda625bbc1c53b7b572e36fbeea	generated-metadata-removed	metadata	
docs/design/trash-dash/reference/levels/level-01/props/wooden_barricade.png	docs/design/trash-dash/library/environments/props/level-01/wooden_barricade.png	library.environments.props.level-01.wooden_barricade	52012d2d0134e5c5eba4bb38468bf014bf353e54497ab02e20f525e21f243c87	canonical-moved	prop	
docs/design/trash-dash/reference/levels/level-01/props/wooden_barricade.png.import			9b934c0804620ec2edc32eee97e78ab8742d1aa5ad806aab54012249edceb0ec	generated-metadata-removed	metadata	
docs/design/trash-dash/reference/levels/level-01/props/wooden_crate.png	docs/design/trash-dash/library/environments/props/level-01/wooden_crate.png	library.environments.props.level-01.wooden_crate	cdeb0afbadf68c27f3faf00c3bdde2f5309978181f29d7e56719e85166deaf4d	canonical-moved	prop	
docs/design/trash-dash/reference/levels/level-01/props/wooden_crate.png.import			fb41e114f1a8851cc9e2107bd60e5a922d3d9d439bc6e5d6debd6b28ba36a81c	generated-metadata-removed	metadata	
docs/design/trash-dash/reference/levels/level-01/references/foreground-gameplay-assets.png	docs/design/trash-dash/packages/imported-source/trashy/levels/level-01/references/foreground-gameplay-assets.png		a7c4ec03361f3b76e1df8684615051a0374b966bd241087841b43ebc0c1c236d	package-preserved	trashy-references	
docs/design/trash-dash/reference/levels/level-01/references/foreground-gameplay-assets.png.import			16ed524177126235a9e87dd563d78e6ebca65448b3c0c7afc38f64d3f56f6aa4	generated-metadata-removed	metadata	
docs/design/trash-dash/reference/levels/level-01/specs/level1_concept_content-spec.md	docs/design/trash-dash/manuals/levels/level-01/level1_concept_content-spec.md	manual.levels.level-01.level1_concept_content-spec	573be1272766e2e3f733ada31a4ea7f3a92152ecc357027bce8664f79bf72287	canonical-moved	level-manual	
docs/design/trash-dash/reference/levels/level-01/tilesheets/woodland_urban_edge_tiles.png	docs/design/trash-dash/library/environments/tiles/level-01/woodland_urban_edge_tiles.png	library.environments.tiles.level-01.woodland_urban_edge_tiles	542e7dcfa22a46b7fd9945029c7c4b52c959269ee1c810c12c79bf217e00ff3a	canonical-moved	tiles	
docs/design/trash-dash/reference/levels/level-01/tilesheets/woodland_urban_edge_tiles.png.import			248af90513621217bf544cc004b20d10a02f3b37ea43ad6b9840c3a1a669f295	generated-metadata-removed	metadata	
docs/design/trash-dash/reference/levels/level-02/concepts/suburban_after_dark.png	docs/design/trash-dash/library/environments/concepts/level-02/suburban_after_dark.png	library.environments.concepts.level-02.suburban_after_dark	0a22ed5753129a7720416f58e54a41755d3fb39bf5625da3ebee5048d1312ced	canonical-moved	environment-concept	
docs/design/trash-dash/reference/levels/level-02/concepts/suburban_after_dark.png.import			c66b164ab7e43f9765cb6aacf9a0ff8215b00b22e129cbc155ac604cbc6c78dc	generated-metadata-removed	metadata	
docs/design/trash-dash/reference/levels/level-02/generation/level2_suburban_after_dark.manifest.json	docs/design/trash-dash/packages/imported-source/trashy/levels/level-02/generation/level2_suburban_after_dark.manifest.json		a4ca168f38ff12a408fcb0d25ce3e1302651d5aab9cd4b52296014cb1de5e705	package-preserved	trashy-generation	
docs/design/trash-dash/reference/levels/level-02/props/beach_ball.png	docs/design/trash-dash/library/environments/props/level-02/beach_ball.png	library.environments.props.level-02.beach_ball	a33dc9d62f3c4889725eade3abc00f7d51bf85c97e991cb75402f0be02bae4ef	canonical-moved	prop	
docs/design/trash-dash/reference/levels/level-02/props/beach_ball.png.import			445cc42e99a80ec569d0dae55f861d94325160aa7c5d4099b69890aaea224b30	generated-metadata-removed	metadata	
docs/design/trash-dash/reference/levels/level-02/props/box_stack.png	docs/design/trash-dash/library/environments/props/level-02/box_stack.png	library.environments.props.level-02.box_stack	dee11b4c5d4fc26c47bddb4ae62834e92c4fdc7b10c298cf7b0e02d3d06a6c9e	canonical-moved	prop	
docs/design/trash-dash/reference/levels/level-02/props/box_stack.png.import			c0feb9e824c416d02e93c95149e528538117663ffb363e2ffac0f478fa2873ad	generated-metadata-removed	metadata	
docs/design/trash-dash/reference/levels/level-02/props/chain_link_fence.png	docs/design/trash-dash/library/environments/props/level-02/chain_link_fence.png	library.environments.props.level-02.chain_link_fence	1509706da7ee6fcf20f3f130dbeed0b785879067af375dc8ea652c4c5e353fee	canonical-moved	prop	
docs/design/trash-dash/reference/levels/level-02/props/chain_link_fence.png.import			95b4b7602b50774fffa1ab21eb524847bdb8bff7b1bfef8808c3370ac2dd852e	generated-metadata-removed	metadata	
docs/design/trash-dash/reference/levels/level-02/props/cooler.png	docs/design/trash-dash/library/environments/props/level-02/cooler.png	library.environments.props.level-02.cooler	7bfd681bf87541cac1dd0d80ca7ce789abf589fabea069a523bfaa7a5d0512df	canonical-moved	prop	
docs/design/trash-dash/reference/levels/level-02/props/cooler.png.import			75c0a03e0b4fbb1ce70137fcc778c71664be8d3d478bdac059ebde5056402784	generated-metadata-removed	metadata	
docs/design/trash-dash/reference/levels/level-02/props/doghouse.png	docs/design/trash-dash/library/environments/props/level-02/doghouse.png	library.environments.props.level-02.doghouse	871aca7e70b14bef1f52ca6cee3641ab0cd8c8886e75474105563f3009a58f35	canonical-moved	prop	
docs/design/trash-dash/reference/levels/level-02/props/doghouse.png.import			afd34005ba735fb601a9a7facb47440a55ff02f8e96e1dc69d96b8ce057dd45c	generated-metadata-removed	metadata	
docs/design/trash-dash/reference/levels/level-02/props/garbage_bag_cluster.png	docs/design/trash-dash/library/environments/props/level-02/garbage_bag_cluster.png	library.environments.props.level-02.garbage_bag_cluster	993e142935b947689a31068a1f17387ffe89ae79d8447fbdd4cecd98a1b2bea3	canonical-moved	prop	
docs/design/trash-dash/reference/levels/level-02/props/garbage_bag_cluster.png.import			6d53273183b8dfe53360a22efa7e476e9692de6e5454d2be4f6412764cd1e055	generated-metadata-removed	metadata	
docs/design/trash-dash/reference/levels/level-02/props/hedge_clump.png	docs/design/trash-dash/library/environments/props/level-02/hedge_clump.png	library.environments.props.level-02.hedge_clump	38e18a0f8aff3aae1fa299201045cf5e46a1a03ede03b41adac081339a3c1971	canonical-moved	prop	
docs/design/trash-dash/reference/levels/level-02/props/hedge_clump.png.import			c6241746ceafd33ff41ad145677ce232649cc3642e06a907a6e8d11dafa8b298	generated-metadata-removed	metadata	
docs/design/trash-dash/reference/levels/level-02/props/kiddie_pool.png	docs/design/trash-dash/library/environments/props/level-02/kiddie_pool.png	library.environments.props.level-02.kiddie_pool	a05cb7fd28267fee9f0a5a069bb9164258e2dbe9779328de129e29379735a3d3	canonical-moved	prop	
docs/design/trash-dash/reference/levels/level-02/props/kiddie_pool.png.import			518476d071c3d744e04eedac282cd19597d66858c075010417cc3494c10c6baa	generated-metadata-removed	metadata	
docs/design/trash-dash/reference/levels/level-02/props/lawn_chair.png	docs/design/trash-dash/library/environments/props/level-02/lawn_chair.png	library.environments.props.level-02.lawn_chair	62a7adb03668cac6623c7179cec939e3a41aaae688203bf037ac0e356d0cab65	canonical-moved	prop	
docs/design/trash-dash/reference/levels/level-02/props/lawn_chair.png.import			0993d1750ea364d23a004ed6e5ade28bfa7bca465401a85d7bc7027c061f7365	generated-metadata-removed	metadata	
docs/design/trash-dash/reference/levels/level-02/props/mailbox.png	docs/design/trash-dash/library/environments/props/level-02/mailbox.png	library.environments.props.level-02.mailbox	784a9c4cfdce2432f526f2c7ea6fbba1b9948a489be0bfe72e87d4b7ce777c0f	canonical-moved	prop	
docs/design/trash-dash/reference/levels/level-02/props/mailbox.png.import			8f0418928635202e3d0ec9d697bf42f6ef5c9d012c370251879513f31afb82d0	generated-metadata-removed	metadata	
docs/design/trash-dash/reference/levels/level-02/props/recycling_bin.png	docs/design/trash-dash/library/environments/props/level-02/recycling_bin.png	library.environments.props.level-02.recycling_bin	a530457dda8992db163fbfdc1fb04fb8a0d70ef6f8d2b3360d2cfeb22623aded	canonical-moved	prop	
docs/design/trash-dash/reference/levels/level-02/props/recycling_bin.png.import			76f8150bece55977f3da2bb0bb07454c54d3b9d5a9ba13ccd0c7bf046d0d3f7e	generated-metadata-removed	metadata	
docs/design/trash-dash/reference/levels/level-02/props/sprinkler.png	docs/design/trash-dash/library/environments/props/level-02/sprinkler.png	library.environments.props.level-02.sprinkler	0fac33c1a7e00d2f42d7ce33a48f5c8aadf84c4dc967f8216c0f9822ec40db17	canonical-moved	prop	
docs/design/trash-dash/reference/levels/level-02/props/sprinkler.png.import			519c2134064e8d5ece614d49aaf479c1dafaad1b85dfaf4121f65759eff27454	generated-metadata-removed	metadata	
docs/design/trash-dash/reference/levels/level-02/props/stepping_stones.png	docs/design/trash-dash/library/environments/props/level-02/stepping_stones.png	library.environments.props.level-02.stepping_stones	515bf4d50332fed0598e7b692fe451e0c0b7ca471961b3f45dbc82d6f35a7b9c	canonical-moved	prop	
docs/design/trash-dash/reference/levels/level-02/props/stepping_stones.png.import			f63f939a91d30b23dd32f27effccd31ce817e9c1f998433c0b3301861a822fbd	generated-metadata-removed	metadata	
docs/design/trash-dash/reference/levels/level-02/props/toy_car.png	docs/design/trash-dash/library/environments/props/level-02/toy_car.png	library.environments.props.level-02.toy_car	9e378ee3465b956ca2381cb618629c7505fb7cb18a6321a2336e153bbd112f23	canonical-moved	prop	
docs/design/trash-dash/reference/levels/level-02/props/toy_car.png.import			872df9f62507f356b6bd7a5761b9b8dcc8bc65d5266859423d3aaf57595dec7f	generated-metadata-removed	metadata	
docs/design/trash-dash/reference/levels/level-02/props/trash_bin.png	docs/design/trash-dash/library/environments/props/level-02/trash_bin.png	library.environments.props.level-02.trash_bin	7b7e4c5eec2dc7a0a7813f488208730df8b77a4827f52f63fca57f450ce8c8d2	canonical-moved	prop	
docs/design/trash-dash/reference/levels/level-02/props/trash_bin.png.import			0f29a8700bca1f43e828ff3f078294c94552ecc4dc76a148cab0c4158736126e	generated-metadata-removed	metadata	
docs/design/trash-dash/reference/levels/level-02/props/wood_fence.png	docs/design/trash-dash/library/environments/props/level-02/wood_fence.png	library.environments.props.level-02.wood_fence	950d83d1fab62aa58ecc14a29355db9b704ae9c739685b8d708fb85de00f094f	canonical-moved	prop	
docs/design/trash-dash/reference/levels/level-02/props/wood_fence.png.import			f093e1931d4a2a0313ee5233f30534ce9b84dd48a15636788ccbc20a16babc25	generated-metadata-removed	metadata	
docs/design/trash-dash/reference/levels/level-02/references/foreground-gameplay-assets.png	docs/design/trash-dash/packages/imported-source/trashy/levels/level-02/references/foreground-gameplay-assets.png		074332301cde8d5d777f0af9747a5d1549b9200e17cd12426c91fedd1ae160c6	package-preserved	trashy-references	
docs/design/trash-dash/reference/levels/level-02/references/foreground-gameplay-assets.png.import			96971f0fa4b108685d2c5424456c6ef6ad3fe094e1bf4923e54b423e976520d9	generated-metadata-removed	metadata	
docs/design/trash-dash/reference/levels/level-03/blueprints/level3_downtown_nights_full_layout.png	docs/design/trash-dash/library/environments/blueprints/level-03/level3_downtown_nights_full_layout.png	library.environments.blueprints.level-03.level3_downtown_nights_full_layout	5a1f3a523ad9036f33c607e163c0e4b25d33156336582be88d861c4d7bf5675e	canonical-moved	blueprint	
docs/design/trash-dash/reference/levels/level-03/blueprints/level3_downtown_nights_full_layout.png.import			e71f149ffb912f4305a8af333f4134f3aabf071a047de745171f275e2c1366c3	generated-metadata-removed	metadata	
docs/design/trash-dash/reference/levels/level-03/concepts/downtown_nights.png	docs/design/trash-dash/library/environments/concepts/level-03/downtown_nights.png	library.environments.concepts.level-03.downtown_nights	746465839b6cc6bcbb36accd7cf5ec9eecdf9e28235861414d4027c25bd6ad30	canonical-moved	environment-concept	
docs/design/trash-dash/reference/levels/level-03/concepts/downtown_nights.png.import			082a96c109e040a0804a3f0309bc931fa9e7b99fe89d207a4c04a1bf8a0da6f6	generated-metadata-removed	metadata	
docs/design/trash-dash/reference/levels/level-03/concepts/level3_downtown_nights_interactive_environment.png	docs/design/trash-dash/library/environments/concepts/level-03/level3_downtown_nights_interactive_environment.png	library.environments.concepts.level-03.level3_downtown_nights_interactive_environment	428b3256e87c4f9ac45293bb1ee2563b818110893d3484cc7b909a8941cfda58	canonical-moved	environment-concept	
docs/design/trash-dash/reference/levels/level-03/concepts/level3_downtown_nights_interactive_environment.png.import			506498d460023668d1d6fed94b790caeacc020c8013ffba491893caa0c93068d	generated-metadata-removed	metadata	
docs/design/trash-dash/reference/levels/level-03/generation/level3_downtown_nights.manifest.json	docs/design/trash-dash/packages/imported-source/trashy/levels/level-03/generation/level3_downtown_nights.manifest.json		8f450ceab929dce68c7a15b3cdbe3796fd7ae1b84730117fa846a133d57a6ab3	package-preserved	trashy-generation	
docs/design/trash-dash/reference/levels/level-03/props/bench_fragment.png	docs/design/trash-dash/library/environments/props/level-03/bench_fragment.png	library.environments.props.level-03.bench_fragment	9fd725770f476b4dd49f721ad0f5cee4f13035c90c53153f5e2ea86ad751acc6	canonical-moved	prop	
docs/design/trash-dash/reference/levels/level-03/props/bench_fragment.png.import			e6199f84e20569d5de19fc898fdc3553d130c37f32376bdffa94f6f222294d90	generated-metadata-removed	metadata	
docs/design/trash-dash/reference/levels/level-03/props/cable_spool.png	docs/design/trash-dash/library/environments/props/level-03/cable_spool.png	library.environments.props.level-03.cable_spool	26cfd927c297ba3c0a588c12ad7ebcdff538cb2f025847e3cfc184a757fb3db5	canonical-moved	prop	
docs/design/trash-dash/reference/levels/level-03/props/cable_spool.png.import			360888e4f2c096abf34d92332457bfaaa954b2bb4d42c805c49cd352c9ec6a42	generated-metadata-removed	metadata	
docs/design/trash-dash/reference/levels/level-03/props/construction_barricade.png	docs/design/trash-dash/library/environments/props/level-03/construction_barricade.png	library.environments.props.level-03.construction_barricade	6351fa115b14368a490278e64800427a9890b35c18d3dffae1f0d38f6490eea4	canonical-moved	prop	
docs/design/trash-dash/reference/levels/level-03/props/construction_barricade.png.import			cfa77709b69ab0e305886993d2ed9e486b67877033a021b9ad641541462fb770	generated-metadata-removed	metadata	
docs/design/trash-dash/reference/levels/level-03/props/dumpster.png	docs/design/trash-dash/library/environments/props/level-03/dumpster.png	library.environments.props.level-03.dumpster	20d6e46bb73555b0678833831bf9cb81d834dbfc6b8caf334ed2db1c407b04f3	canonical-moved	prop	
docs/design/trash-dash/reference/levels/level-03/props/dumpster.png.import			0e91f74ffe738a0dc243492f98c03fc451601f8ce09a4005579e69f01f42a9b6	generated-metadata-removed	metadata	
docs/design/trash-dash/reference/levels/level-03/props/manhole_cover.png	docs/design/trash-dash/library/environments/props/level-03/manhole_cover.png	library.environments.props.level-03.manhole_cover	563fa83e057551b5158bfff40958af7d59692534d2640a40526e63a534c0b892	canonical-moved	prop	
docs/design/trash-dash/reference/levels/level-03/props/manhole_cover.png.import			055ae66402d12068689302d0c0e2812df7165bf434bbad1e7d501fa32695e94f	generated-metadata-removed	metadata	
docs/design/trash-dash/reference/levels/level-03/props/milk_crate.png	docs/design/trash-dash/library/environments/props/level-03/milk_crate.png	library.environments.props.level-03.milk_crate	e575a8bf3093436cbbed5a3ab265c69d1a78f530be03cbe7c8d1c498bb67f87d	canonical-moved	prop	
docs/design/trash-dash/reference/levels/level-03/props/milk_crate.png.import			ac3a4936731688d2cd5260893a4d164f6e5babe89c0ef2c5f31d49773e389700	generated-metadata-removed	metadata	
docs/design/trash-dash/reference/levels/level-03/props/nyc_newspaper_box.png	docs/design/trash-dash/library/environments/props/level-03/nyc_newspaper_box.png	library.environments.props.level-03.nyc_newspaper_box	30b17d1d3d810b2cde561c6771131cc74bce5e19eb8863761b34aac1821b9824	canonical-moved	prop	
docs/design/trash-dash/reference/levels/level-03/props/nyc_newspaper_box.png.import			689e7df317d03376beac41d26f8e75ca856ff94e1a92fbff12d51189ce5230e8	generated-metadata-removed	metadata	
docs/design/trash-dash/reference/levels/level-03/props/pizza_boxes.png	docs/design/trash-dash/library/environments/props/level-03/pizza_boxes.png	library.environments.props.level-03.pizza_boxes	5677b2a737050f7f59288d44d8aa8cfca401a846cff5d4c41906663f19c2df90	canonical-moved	prop	
docs/design/trash-dash/reference/levels/level-03/props/pizza_boxes.png.import			b353865bb63dd2b8c3bd17771170fac306dcf87cca7fa8c059855ab7d33895a1	generated-metadata-removed	metadata	
docs/design/trash-dash/reference/levels/level-03/props/road_sign_one_way.png	docs/design/trash-dash/library/environments/props/level-03/road_sign_one_way.png	library.environments.props.level-03.road_sign_one_way	b7103f300b5e2fbedaa00324cc6eafbe6088e6fce51d00d9313978183226eb49	canonical-moved	prop	
docs/design/trash-dash/reference/levels/level-03/props/road_sign_one_way.png.import			58e8ba7dbdf3d4137df352c0b8b71347589432909927fe9502510da7ad05b4af	generated-metadata-removed	metadata	
docs/design/trash-dash/reference/levels/level-03/props/sewer_grate.png	docs/design/trash-dash/library/environments/props/level-03/sewer_grate.png	library.environments.props.level-03.sewer_grate	17b991f1f6188cbe11db4be85caadff4e1520859dc769191aea47f7d58d8a26c	canonical-moved	prop	
docs/design/trash-dash/reference/levels/level-03/props/sewer_grate.png.import			9048972c15d97025e8aef6f49943e17550de041d488552ea46ec796fea9d8b21	generated-metadata-removed	metadata	
docs/design/trash-dash/reference/levels/level-03/props/traffic_cones.png	docs/design/trash-dash/library/environments/props/level-03/traffic_cones.png	library.environments.props.level-03.traffic_cones	1f08012e7d1618e4f4ed7f6cefd8d4e218f041872b46a104ec5cef9e5225aafa	canonical-moved	prop	
docs/design/trash-dash/reference/levels/level-03/props/traffic_cones.png.import			56db747dcadaa037be196abd9d4b1aebbde41aa956c80f69824f0754171613ec	generated-metadata-removed	metadata	
docs/design/trash-dash/reference/levels/level-03/props/trash_bag_pile.png	docs/design/trash-dash/library/environments/props/level-03/trash_bag_pile.png	library.environments.props.level-03.trash_bag_pile	c7b67f2009bc4621a8a132bc2d29979b19dfccba953dcce44ca005c7e2c6c28d	canonical-moved	prop	
docs/design/trash-dash/reference/levels/level-03/props/trash_bag_pile.png.import			80678046ffab515df174507f3dde33710988a6f1505addec08af223e9b672f95	generated-metadata-removed	metadata	
docs/design/trash-dash/reference/levels/level-03/references/foreground-gameplay-assets.png	docs/design/trash-dash/packages/imported-source/trashy/levels/level-03/references/foreground-gameplay-assets.png		7bb98ad1563569e068fcf2576f87644f48dc5f12f0d23cc3c35910601c79a3a6	package-preserved	trashy-references	
docs/design/trash-dash/reference/levels/level-03/references/foreground-gameplay-assets.png.import			24223529a81eda811c57a24b7b823d340c7e4fc08d5b6bc97032dde1a6cb6351	generated-metadata-removed	metadata	
docs/design/trash-dash/reference/levels/level-03/specs/level3_paired_content-spec.md	docs/design/trash-dash/manuals/levels/level-03/level3_paired_content-spec.md	manual.levels.level-03.level3_paired_content-spec	2043ff950294c4278d8e632517e15e2c85db0863aa5ce4b7fec8c7581a094dad	canonical-moved	level-manual	
docs/design/trash-dash/reference/levels/level-04/blueprints/level4_secret_space_center_full_layout.png	docs/design/trash-dash/library/environments/blueprints/level-04/level4_secret_space_center_full_layout.png	library.environments.blueprints.level-04.level4_secret_space_center_full_layout	35f605777a809cbc0e8f63819e916a155afb816bdb2555faedc4a936470a1cc8	canonical-moved	blueprint	
docs/design/trash-dash/reference/levels/level-04/blueprints/level4_secret_space_center_full_layout.png.import			108b884824445f0912ff59672f161050f55324bf6cd44a432b3ad3672f408fd7	generated-metadata-removed	metadata	
docs/design/trash-dash/reference/levels/level-04/concepts/secret_space_center.png	docs/design/trash-dash/library/environments/concepts/level-04/secret_space_center.png	library.environments.concepts.level-04.secret_space_center	ae01e31d5b0180f3b0c3d357f3331a840c85074b200bd0d423370f36a52b7d9f	canonical-moved	environment-concept	
docs/design/trash-dash/reference/levels/level-04/concepts/secret_space_center.png.import			05c6dbc44cf98c7405bd3f414a0815e16c061a213a02f54c024294839e7c76dd	generated-metadata-removed	metadata	
docs/design/trash-dash/reference/levels/level-04/generation/level4_secret_space_center.manifest.json	docs/design/trash-dash/packages/imported-source/trashy/levels/level-04/generation/level4_secret_space_center.manifest.json		4b778733a1b0f825260130f830400cec07c240110d10bb9424896191bb721ca8	package-preserved	trashy-generation	
docs/design/trash-dash/reference/levels/level-04/props/cable_bundle.png	docs/design/trash-dash/library/environments/props/level-04/cable_bundle.png	library.environments.props.level-04.cable_bundle	30297ea433142e1629e97919b17cd8f8d6040e8526c226b92e821ad14d328560	canonical-moved	prop	
docs/design/trash-dash/reference/levels/level-04/props/cable_bundle.png.import			6a4e525255165b420fa22fe1e40a37075f2b660a7c3630719f3fca361320d693	generated-metadata-removed	metadata	
docs/design/trash-dash/reference/levels/level-04/props/containment_pod.png	docs/design/trash-dash/library/environments/props/level-04/containment_pod.png	library.environments.props.level-04.containment_pod	3548961e69833d3b52c1e09763aa49fde01f80986dc0ddf8a658bb4d625a5347	canonical-moved	prop	
docs/design/trash-dash/reference/levels/level-04/props/containment_pod.png.import			ffa2f52a6baf8d8e5bda1901680fb74afe1973ad7174d6323d0b3bec1aa9ccd6	generated-metadata-removed	metadata	
docs/design/trash-dash/reference/levels/level-04/props/energy_cell.png	docs/design/trash-dash/library/environments/props/level-04/energy_cell.png	library.environments.props.level-04.energy_cell	a370be37bab345e53f20e08ee7b969f4613d3236e979fa9f681f9d30b98ee4e4	canonical-moved	prop	
docs/design/trash-dash/reference/levels/level-04/props/energy_cell.png.import			32febe0d5babce2cd3f74616e11a18bb4cab84e38e47ea5467099285c7133fb9	generated-metadata-removed	metadata	
docs/design/trash-dash/reference/levels/level-04/props/floor_terminal.png	docs/design/trash-dash/library/environments/props/level-04/floor_terminal.png	library.environments.props.level-04.floor_terminal	fbd1c1522c9b06e65e31f17bb5f5473e456b8411f7922df44dfaa6bb759e3295	canonical-moved	prop	
docs/design/trash-dash/reference/levels/level-04/props/floor_terminal.png.import			096abc30c3b090874c06f033b6f84d9b1785502d11761ad5e3c36432a3e82454	generated-metadata-removed	metadata	
docs/design/trash-dash/reference/levels/level-04/props/hazard_storage_crate.png	docs/design/trash-dash/library/environments/props/level-04/hazard_storage_crate.png	library.environments.props.level-04.hazard_storage_crate	1e7b9dec1ff1bc744f05d69e7d511bbc023445c540177ae81eecbea59192b3d7	canonical-moved	prop	
docs/design/trash-dash/reference/levels/level-04/props/hazard_storage_crate.png.import			e1ab1961789e23c744f4d75300cba5a49386efa0a947719bc8749e0691efb73c	generated-metadata-removed	metadata	
docs/design/trash-dash/reference/levels/level-04/props/lab_bin.png	docs/design/trash-dash/library/environments/props/level-04/lab_bin.png	library.environments.props.level-04.lab_bin	3ad6324067a052d1fc6e3828762f1a3c177051b2fc25180c81dac7f9969cef9d	canonical-moved	prop	
docs/design/trash-dash/reference/levels/level-04/props/lab_bin.png.import			5cd237c3c17986c7df29b152efb00963672749cef5ec1decdda6ba3dc570ac3c	generated-metadata-removed	metadata	
docs/design/trash-dash/reference/levels/level-04/props/maintenance_trolley.png	docs/design/trash-dash/library/environments/props/level-04/maintenance_trolley.png	library.environments.props.level-04.maintenance_trolley	98311e597a7c683b5dfffca278a50f12f6b53286d67947a0516af356968027c8	canonical-moved	prop	
docs/design/trash-dash/reference/levels/level-04/props/maintenance_trolley.png.import			e1741914f2c811728da11c3447d07b4c16ef937a2d56c7831c75858c57bce8e0	generated-metadata-removed	metadata	
docs/design/trash-dash/reference/levels/level-04/props/rolling_tool_cart.png	docs/design/trash-dash/library/environments/props/level-04/rolling_tool_cart.png	library.environments.props.level-04.rolling_tool_cart	4a3fbe0f2dfdf3b2d9d3017dbd0bc4973deb0d931a786ebe6d397d9c61bcedcb	canonical-moved	prop	
docs/design/trash-dash/reference/levels/level-04/props/rolling_tool_cart.png.import			2d62b48ec0744b01516ec5d7d92165f7d18cd0a97ddc8f74c28541d0a7e493e7	generated-metadata-removed	metadata	
docs/design/trash-dash/reference/levels/level-04/props/sample_canister.png	docs/design/trash-dash/library/environments/props/level-04/sample_canister.png	library.environments.props.level-04.sample_canister	cd841a132b28bb1705740b003a5ee614700b10ab2a60793de6659f8d2def83f8	canonical-moved	prop	
docs/design/trash-dash/reference/levels/level-04/props/sample_canister.png.import			ded8eaab68f804ac319fbb94f5d127d1add43c72952c5cd8e54a0d3df53811e3	generated-metadata-removed	metadata	
docs/design/trash-dash/reference/levels/level-04/props/utility_barrel.png	docs/design/trash-dash/library/environments/props/level-04/utility_barrel.png	library.environments.props.level-04.utility_barrel	b863a405e4ab3774914ac830dadf25fcac3faf5022eb1d870893053fe1bc4e5d	canonical-moved	prop	
docs/design/trash-dash/reference/levels/level-04/props/utility_barrel.png.import			4525caf7894f8bd87f804e158036d75056d5537ed27e17e4be3cf84696e9a70a	generated-metadata-removed	metadata	
docs/design/trash-dash/reference/levels/level-04/props/vent_box.png	docs/design/trash-dash/library/environments/props/level-04/vent_box.png	library.environments.props.level-04.vent_box	7b4a7464b45e5e9d16f5068b64e7b934e93ae190787d1f34ca65328de7db4686	canonical-moved	prop	
docs/design/trash-dash/reference/levels/level-04/props/vent_box.png.import			d60102833025ec5cc5889e11049c8f123c1957199607c6fc50c57a608b8c0cb9	generated-metadata-removed	metadata	
docs/design/trash-dash/reference/levels/level-04/props/warning_barrier.png	docs/design/trash-dash/library/environments/props/level-04/warning_barrier.png	library.environments.props.level-04.warning_barrier	7c217af818dfaa0110f76a605c2121b4d58a6f7351f1cf6fb63eb58c6ac6e8c3	canonical-moved	prop	
docs/design/trash-dash/reference/levels/level-04/props/warning_barrier.png.import			67e05bcd69b4dc32425d5033babd9b6aafbc15975f75aca22ca0629da49af3af	generated-metadata-removed	metadata	
docs/design/trash-dash/reference/levels/level-04/references/foreground-gameplay-assets.png	docs/design/trash-dash/packages/imported-source/trashy/levels/level-04/references/foreground-gameplay-assets.png		c5e3f7990b0b31803b68e71e8e57f31e978eed178af8173971ba52a26953e0a1	package-preserved	trashy-references	
docs/design/trash-dash/reference/levels/level-04/references/foreground-gameplay-assets.png.import			b47efc59b0fb9eb2dd947f2934e21626589e26ef705eaf89fff42c7c9c02781b	generated-metadata-removed	metadata	
docs/design/trash-dash/reference/levels/level-04/specs/level4_blueprint_content-spec.md	docs/design/trash-dash/manuals/levels/level-04/level4_blueprint_content-spec.md	manual.levels.level-04.level4_blueprint_content-spec	440b601cf50886f1f5e023534c717ddf15302610f1cdd7f7af3d44d6a5add751	canonical-moved	level-manual	
docs/design/trash-dash/reference/levels/level-05/blueprints/level5_orbital_junkyard_full_layout.png	docs/design/trash-dash/library/environments/blueprints/level-05/level5_orbital_junkyard_full_layout.png	library.environments.blueprints.level-05.level5_orbital_junkyard_full_layout	4264f559296a9eafb8153e836a5e1368d5f58894051b65d5cbd1e380859a2af9	canonical-moved	blueprint	
docs/design/trash-dash/reference/levels/level-05/blueprints/level5_orbital_junkyard_full_layout.png.import			47116429cd29bc7a9232f8823a080b18041db093e34bcee4830df8850296b5ba	generated-metadata-removed	metadata	
docs/design/trash-dash/reference/levels/level-05/concepts/orbital_junkyard.png	docs/design/trash-dash/library/environments/concepts/level-05/orbital_junkyard.png	library.environments.concepts.level-05.orbital_junkyard	1d5750a21602c3cc54890b4b6a8084a4a53bfae6ddf10c1bea4ffef81997b354	canonical-moved	environment-concept	
docs/design/trash-dash/reference/levels/level-05/concepts/orbital_junkyard.png.import			f45014ad5c2433e7ea5065e7bcf2b5dd782d97e741be6bed8ad2ee21381c436a	generated-metadata-removed	metadata	
docs/design/trash-dash/reference/levels/level-05/generation/level5_orbital_junkyard.manifest.json	docs/design/trash-dash/packages/imported-source/trashy/levels/level-05/generation/level5_orbital_junkyard.manifest.json		a019b978a6b1d7f2cd3b8a4fedae090770e0ef2d936a65cac95bde1df31f22f9	package-preserved	trashy-generation	
docs/design/trash-dash/reference/levels/level-05/props/alien_trash_mound.png	docs/design/trash-dash/library/environments/props/level-05/alien_trash_mound.png	library.environments.props.level-05.alien_trash_mound	8f812146e706c476240f797bcc13c0a2f49a903cf4c1b3ebb4be79c7130c5bcb	canonical-moved	prop	
docs/design/trash-dash/reference/levels/level-05/props/alien_trash_mound.png.import			d1f484905fd36af7aa6b5f74d87ec86e8cd8dd3437448d8e23372dcbf0df67f7	generated-metadata-removed	metadata	
docs/design/trash-dash/reference/levels/level-05/props/broken_bot_husk.png	docs/design/trash-dash/library/environments/props/level-05/broken_bot_husk.png	library.environments.props.level-05.broken_bot_husk	d4efde9d93b2790c09837ff57cbc176779b7302cdd6bf4d8a792a442ded02621	canonical-moved	prop	
docs/design/trash-dash/reference/levels/level-05/props/broken_bot_husk.png.import			7fd09946e6b78f2fadd15539cf651ffad2075c9530974c238cdc597b654145a4	generated-metadata-removed	metadata	
docs/design/trash-dash/reference/levels/level-05/props/cargo_pallet.png	docs/design/trash-dash/library/environments/props/level-05/cargo_pallet.png	library.environments.props.level-05.cargo_pallet	09c51cec39f38287cbe90d7d5505b77f71e936cceaf765350638e1aad076ea83	canonical-moved	prop	
docs/design/trash-dash/reference/levels/level-05/props/cargo_pallet.png.import			a3670e6d98f2c56e758e8626235ff5dd7777b94e8d6eee6e9934095ac13d5a09	generated-metadata-removed	metadata	
docs/design/trash-dash/reference/levels/level-05/props/cosmic_crystal_cluster.png	docs/design/trash-dash/library/environments/props/level-05/cosmic_crystal_cluster.png	library.environments.props.level-05.cosmic_crystal_cluster	27077f89cbdcd0aad38fc71a3838c68c81b8ed8bb0e385b125517c117ff7d280	canonical-moved	prop	
docs/design/trash-dash/reference/levels/level-05/props/cosmic_crystal_cluster.png.import			351f5a775485586e8941b57523add8c6d80f74b4920c1274ab6f7611c6c351b9	generated-metadata-removed	metadata	
docs/design/trash-dash/reference/levels/level-05/props/floating_junk_anchor.png	docs/design/trash-dash/library/environments/props/level-05/floating_junk_anchor.png	library.environments.props.level-05.floating_junk_anchor	1906360b601f74114271445046bce3b1b4b46ff70d4754396b8a36245eab53f4	canonical-moved	prop	
docs/design/trash-dash/reference/levels/level-05/props/floating_junk_anchor.png.import			b87b6863d12d000e48c211b43370c7f61dbd20cc1def5b8fc1874789ef23d704	generated-metadata-removed	metadata	
docs/design/trash-dash/reference/levels/level-05/props/low_g_scrap_barrel.png	docs/design/trash-dash/library/environments/props/level-05/low_g_scrap_barrel.png	library.environments.props.level-05.low_g_scrap_barrel	e1daccc627848b70cde9d0009eff28d0588e4e397b1e9b98166b031a1e117b81	canonical-moved	prop	
docs/design/trash-dash/reference/levels/level-05/props/low_g_scrap_barrel.png.import			c2b2e9e49cab29afab0ee61338a3ebf1ff464e6d10abb468e1703617f1ed94da	generated-metadata-removed	metadata	
docs/design/trash-dash/reference/levels/level-05/props/maintenance_crate.png	docs/design/trash-dash/library/environments/props/level-05/maintenance_crate.png	library.environments.props.level-05.maintenance_crate	11083d3b3be783a17b95ffd9cd136ba187528eeec12c8ad39fbea825a6270c51	canonical-moved	prop	
docs/design/trash-dash/reference/levels/level-05/props/maintenance_crate.png.import			60d490966901a7c6722e33903f075fd5f4602099e2116eb8d460c90a1acec8f0	generated-metadata-removed	metadata	
docs/design/trash-dash/reference/levels/level-05/props/meteor_chunk.png	docs/design/trash-dash/library/environments/props/level-05/meteor_chunk.png	library.environments.props.level-05.meteor_chunk	5bcffb6c7daacc163075e380b777bca4803149087dd973e61eec7298174da52c	canonical-moved	prop	
docs/design/trash-dash/reference/levels/level-05/props/meteor_chunk.png.import			a4889ae6790712f1217af2261c43b0eb07350a43fe96c73413825cb1b3709b09	generated-metadata-removed	metadata	
docs/design/trash-dash/reference/levels/level-05/props/oxygen_canister.png	docs/design/trash-dash/library/environments/props/level-05/oxygen_canister.png	library.environments.props.level-05.oxygen_canister	8d8c16357b3d50a03559a28cda0b97b0ea13eea20a91d71336de07c6c8a8a47b	canonical-moved	prop	
docs/design/trash-dash/reference/levels/level-05/props/oxygen_canister.png.import			9f691c1427e42bfd85efc6ccd6a3ffb33e6db5822450ae1192c78f21ce0e60bf	generated-metadata-removed	metadata	
docs/design/trash-dash/reference/levels/level-05/props/salvage_signpost.png	docs/design/trash-dash/library/environments/props/level-05/salvage_signpost.png	library.environments.props.level-05.salvage_signpost	36249695b00d8d7134c668cdcb9a202f8a407f6818fe2a52948a23b60d5ff98b	canonical-moved	prop	
docs/design/trash-dash/reference/levels/level-05/props/salvage_signpost.png.import			1db483edab4f7548ae94e8911f1db783163aa42afdbad7b8cc8bc97de57c2d56	generated-metadata-removed	metadata	
docs/design/trash-dash/reference/levels/level-05/props/satellite_debris_pile.png	docs/design/trash-dash/library/environments/props/level-05/satellite_debris_pile.png	library.environments.props.level-05.satellite_debris_pile	3d1b7e05af33be9bc4a0e159cb08e7adc9f79c2a9dd8170c05d7c5c653bfedd6	canonical-moved	prop	
docs/design/trash-dash/reference/levels/level-05/props/satellite_debris_pile.png.import			27f0d327b0f11ad406350493e6434ba21dc13fd632ae1bf5f6c7926bf3da6cdc	generated-metadata-removed	metadata	
docs/design/trash-dash/reference/levels/level-05/props/space_cargo_pod.png	docs/design/trash-dash/library/environments/props/level-05/space_cargo_pod.png	library.environments.props.level-05.space_cargo_pod	c955b5cae6773ba05a96784bfe2dee753b1c01c305667af9469ae1879b1e3215	canonical-moved	prop	
docs/design/trash-dash/reference/levels/level-05/props/space_cargo_pod.png.import			614932945685313969f06d0ddccaddf85c9db79fa18f4250ac1ad2f57967c58b	generated-metadata-removed	metadata	
docs/design/trash-dash/reference/levels/level-05/references/foreground-gameplay-assets.png	docs/design/trash-dash/packages/imported-source/trashy/levels/level-05/references/foreground-gameplay-assets.png		4bf2d86b98bceeb78a3fef7687507034afc04b87c7f8d4b7df20a94dc84f436e	package-preserved	trashy-references	
docs/design/trash-dash/reference/levels/level-05/references/foreground-gameplay-assets.png.import			e3f11fac98a906b289f497b359981fa2ef0e7b1122774f74ce604d9056bd3d95	generated-metadata-removed	metadata	
docs/design/trash-dash/reference/levels/level-05/specs/level5_blueprint_content-spec.md	docs/design/trash-dash/manuals/levels/level-05/level5_blueprint_content-spec.md	manual.levels.level-05.level5_blueprint_content-spec	004c4dcf6462f7a3a2dfa513b92d11b4115069d518f630774a6fa7ccc01d0933	canonical-moved	level-manual	
docs/design/trash-dash/reference/levels/level-06/concepts/abandoned_ballpark.png	docs/design/trash-dash/library/environments/concepts/level-06/abandoned_ballpark.png	library.environments.concepts.level-06.abandoned_ballpark	2df2d8af0ac0a33735506893f868dadd55884c48998facda0983a50068c0f6c0	canonical-moved	environment-concept	
docs/design/trash-dash/reference/levels/level-06/concepts/abandoned_ballpark.png.import			7e45acbc98e13c1cc78a5383ecaf3e35c8e86283f39ceaf700d7cea7096ed4f2	generated-metadata-removed	metadata	
docs/design/trash-dash/reference/levels/level-06/concepts/level6_abandoned_ballpark_interactive_environment.png	docs/design/trash-dash/library/environments/concepts/level-06/level6_abandoned_ballpark_interactive_environment.png	library.environments.concepts.level-06.level6_abandoned_ballpark_interactive_environment	780e673b96dec03b9725432228de4f9e0f4425d6536945c1936fd85530324f94	canonical-moved	environment-concept	
docs/design/trash-dash/reference/levels/level-06/concepts/level6_abandoned_ballpark_interactive_environment.png.import			d469f4fc79d5c50573716c0523e2526e6451623ab65a4c8479b88cb359b424ac	generated-metadata-removed	metadata	
docs/design/trash-dash/reference/levels/level-06/generation/level6_abandoned_ballpark.manifest.json	docs/design/trash-dash/packages/imported-source/trashy/levels/level-06/generation/level6_abandoned_ballpark.manifest.json		f46d1c0f57d297be1543ac452529252d5dc1da1642c501aed8f004deebeac32e	package-preserved	trashy-generation	
docs/design/trash-dash/reference/levels/level-06/props/baseball_gear_crate.png	docs/design/trash-dash/library/environments/props/level-06/baseball_gear_crate.png	library.environments.props.level-06.baseball_gear_crate	bc408c3e77ba788afca267c2b1ab011ea10777c2faff8fb2c477491631acf0a3	canonical-moved	prop	
docs/design/trash-dash/reference/levels/level-06/props/baseball_gear_crate.png.import			6cfa0a2f931091822074eee17a038a11ea4a736ca44cba1cb9077836409c73e4	generated-metadata-removed	metadata	
docs/design/trash-dash/reference/levels/level-06/props/bat_rack.png	docs/design/trash-dash/library/environments/props/level-06/bat_rack.png	library.environments.props.level-06.bat_rack	cb2ad964208250b9ae91b1ae17bf36a2aa7fa6250f9dc9f4f627d8dddf60465d	canonical-moved	prop	
docs/design/trash-dash/reference/levels/level-06/props/bat_rack.png.import			1de8084d15982576a751c6345fdd52b5de626bb4fecec095d94d95692fa1f282	generated-metadata-removed	metadata	
docs/design/trash-dash/reference/levels/level-06/props/broken_seat_cluster.png	docs/design/trash-dash/library/environments/props/level-06/broken_seat_cluster.png	library.environments.props.level-06.broken_seat_cluster	9af910f76a7cb5db46d71caaa1b2375c80897f98ab4b23d4b55bccb1c4672217	canonical-moved	prop	
docs/design/trash-dash/reference/levels/level-06/props/broken_seat_cluster.png.import			fae46bcffff5b2842bdae1cba5f04c0f034d0f8ee55e3c618b875d8d1ec2d30f	generated-metadata-removed	metadata	
docs/design/trash-dash/reference/levels/level-06/props/concessions_junk.png	docs/design/trash-dash/library/environments/props/level-06/concessions_junk.png	library.environments.props.level-06.concessions_junk	e0c417253d5be937c8cbb8021c716144e5da98e78349ba2f74e9994d8ddd2a85	canonical-moved	prop	
docs/design/trash-dash/reference/levels/level-06/props/concessions_junk.png.import			7362b3c04d495e85e6ee0af246b8771b5f3288a133cebf4ba703e32fa27cab13	generated-metadata-removed	metadata	
docs/design/trash-dash/reference/levels/level-06/props/cracked_brick_wall.png	docs/design/trash-dash/library/environments/props/level-06/cracked_brick_wall.png	library.environments.props.level-06.cracked_brick_wall	ff0e7d97808ea6f89dcff4c4bf672be8bc474611accbb3cbf3b0f18c51e39570	canonical-moved	prop	
docs/design/trash-dash/reference/levels/level-06/props/cracked_brick_wall.png.import			90d086673dd2e9a446f5410c27c590b90032deb201b03b9820b634e438c1d3d6	generated-metadata-removed	metadata	
docs/design/trash-dash/reference/levels/level-06/props/dugout_bench.png	docs/design/trash-dash/library/environments/props/level-06/dugout_bench.png	library.environments.props.level-06.dugout_bench	f621bf3b0c2bff27120ae8f8ca2ed4543e387acbb6baee5be14207dff2d06dd2	canonical-moved	prop	
docs/design/trash-dash/reference/levels/level-06/props/dugout_bench.png.import			e05bcebbb8e9e26addabba73fa26db2dcc0fa6300bc0cf3c32f16a990000b785	generated-metadata-removed	metadata	
docs/design/trash-dash/reference/levels/level-06/props/garbage_can.png	docs/design/trash-dash/library/environments/props/level-06/garbage_can.png	library.environments.props.level-06.garbage_can	d4bf69c49cac913eaf1e062c664a7ea06a4f65ba5980343537bd27a1348beac6	canonical-moved	prop	
docs/design/trash-dash/reference/levels/level-06/props/garbage_can.png.import			58f4c9f203668e31fcec4da690dd717dee705dba159d6eb9b77743ac8ee3eee2	generated-metadata-removed	metadata	
docs/design/trash-dash/reference/levels/level-06/props/home_plate.png	docs/design/trash-dash/library/environments/props/level-06/home_plate.png	library.environments.props.level-06.home_plate	f1a43b5e974648b4f08a810a0dd54b93bd8feee59c22fd1da98d7219cace9b55	canonical-moved	prop	
docs/design/trash-dash/reference/levels/level-06/props/home_plate.png.import			01b147176258d2f67e440d1a61b5a9cca754a9a54362584d52e429299242925f	generated-metadata-removed	metadata	
docs/design/trash-dash/reference/levels/level-06/props/ice_cooler.png	docs/design/trash-dash/library/environments/props/level-06/ice_cooler.png	library.environments.props.level-06.ice_cooler	af9318592354a46622a3729dc8a613eaf3516b3a4f5b92078ad7075776d99986	canonical-moved	prop	
docs/design/trash-dash/reference/levels/level-06/props/ice_cooler.png.import			1ee467231765f52eea285178b4e450cc26d87e009e1f1af6e4f16a0d50f92cfb	generated-metadata-removed	metadata	
docs/design/trash-dash/reference/levels/level-06/props/peanut_boxes.png	docs/design/trash-dash/library/environments/props/level-06/peanut_boxes.png	library.environments.props.level-06.peanut_boxes	160418b2a822cc47e355fe97b62ecb60fe8f9cdf1da65617e47041f322ec4c15	canonical-moved	prop	
docs/design/trash-dash/reference/levels/level-06/props/peanut_boxes.png.import			7f08d6d1d44a5bb6c2f4709d271e2ea51c15e67967cadbfebf9e0bffad314c96	generated-metadata-removed	metadata	
docs/design/trash-dash/reference/levels/level-06/props/scoreboard_debris.png	docs/design/trash-dash/library/environments/props/level-06/scoreboard_debris.png	library.environments.props.level-06.scoreboard_debris	32f670e3270b518c491dcfa9b9cc21e6944f1f8801f64bae151dbd135db0dffd	canonical-moved	prop	
docs/design/trash-dash/reference/levels/level-06/props/scoreboard_debris.png.import			b7e193c190ba185a2003171955b5f485c9051af17ae4ab6682325bbb75a3cdcf	generated-metadata-removed	metadata	
docs/design/trash-dash/reference/levels/level-06/props/tarp_drape.png	docs/design/trash-dash/library/environments/props/level-06/tarp_drape.png	library.environments.props.level-06.tarp_drape	4c714d5b1a7e546169a546592d8b6fe55e7d476489e9a808c81dcc33283f56fb	canonical-moved	prop	
docs/design/trash-dash/reference/levels/level-06/props/tarp_drape.png.import			321b3a85ab26d52dc844299e0bed1aada19484a46f5989964baee047fb7bf11b	generated-metadata-removed	metadata	
docs/design/trash-dash/reference/levels/level-06/references/foreground-gameplay-assets.png	docs/design/trash-dash/packages/imported-source/trashy/levels/level-06/references/foreground-gameplay-assets.png		718fefb52f204d6e86caf112baa48a5dd58eae6504f6390867d03b21d6c32290	package-preserved	trashy-references	
docs/design/trash-dash/reference/levels/level-06/references/foreground-gameplay-assets.png.import			6a4aab9e33e1f31923dbd59352cc92394721d6b93347aec5304bb617c56ba2c1	generated-metadata-removed	metadata	
docs/design/trash-dash/reference/levels/level-06/specs/level6_concept_content-spec.md	docs/design/trash-dash/manuals/levels/level-06/level6_concept_content-spec.md	manual.levels.level-06.level6_concept_content-spec	a26600bb04c3b98d1aa5066b6240c5379088ea97f296b965b7e266c66c5df95b	canonical-moved	level-manual	
docs/design/trash-dash/reference/main-characters/.DS_Store			d51361decccff4e469d7fb2d70cfc0e46b479ab337b5005657ea553b84923557	generated-metadata-removed	metadata	
docs/design/trash-dash/reference/main-characters/concepts/jimothy-regular-and-powered-approved.png	docs/design/trash-dash/library/characters/heroes/jimothy/concepts/jimothy-regular-and-powered-approved.png	library.characters.heroes.jimothy.concepts.jimothy-regular-and-powered-approved	904b6e709dcf7bd3816d8bc2d29cb098504c425b4f1f7171b3755dc52df7e251	canonical-moved	hero-concepts	
docs/design/trash-dash/reference/main-characters/concepts/jimothy-regular-and-powered-approved.png.import			bf940b8a147ddd50c2c3fd8de6fea8f8e2467fdba14264b3b87303b2a8f1cdfb	generated-metadata-removed	metadata	
docs/design/trash-dash/reference/main-characters/concepts/trashy-regular-and-powered-approved.png	docs/design/trash-dash/library/characters/heroes/trashy/concepts/trashy-regular-and-powered-approved.png	library.characters.heroes.trashy.concepts.trashy-regular-and-powered-approved	d3da9c087aca5c617a1b8614239119a33ac6bbd84166e1221da1f03370b6f24e	canonical-moved	hero-concepts	
docs/design/trash-dash/reference/main-characters/concepts/trashy-regular-and-powered-approved.png.import			44b75f646ace07d404d5e36588883494fb71f67b1264a9ea71683daa87fbdef9	generated-metadata-removed	metadata	
docs/design/trash-dash/reference/main-characters/sprites/jimothy-powered-approved.png	docs/design/trash-dash/library/characters/heroes/jimothy/sprites/reference/jimothy-powered-approved.png	library.characters.heroes.jimothy.sprites.reference.jimothy-powered-approved	663f960fd16758065d1b3dbc24091c0e0ff25294077e2c4b92ae8eea5908a55d	canonical-moved	hero-sprites	
docs/design/trash-dash/reference/main-characters/sprites/jimothy-powered-approved.png.import			976cfb9a4d1616a4460f4868a53f94998799d521d25f4038f80f715a1573f8c9	generated-metadata-removed	metadata	
docs/design/trash-dash/reference/main-characters/sprites/jimothy-regular-approved.png	docs/design/trash-dash/library/characters/heroes/jimothy/sprites/reference/jimothy-regular-approved.png	library.characters.heroes.jimothy.sprites.reference.jimothy-regular-approved	18bef6e17edb4f4bf6e6fd24068d68566101fdd770363de540fb674bef10a1c2	canonical-moved	hero-sprites	
docs/design/trash-dash/reference/main-characters/sprites/jimothy-regular-approved.png.import			f55a478211213f2e59b203e9f543f06d54c53a05cd62a8e573a7d182fbf56a6c	generated-metadata-removed	metadata	
docs/design/trash-dash/reference/main-characters/sprites/trashy-powered-approved.png	docs/design/trash-dash/library/characters/heroes/trashy/sprites/reference/trashy-powered-approved.png	library.characters.heroes.trashy.sprites.reference.trashy-powered-approved	fdb95f45ea9cc046a29b932bc681dd835fa02be2b03b50e2d00930005b69de41	canonical-moved	hero-sprites	
docs/design/trash-dash/reference/main-characters/sprites/trashy-powered-approved.png.import			d3689075f44b989266aedb3d3cf97c3ff80b625f512be15e568c750b57d60254	generated-metadata-removed	metadata	
docs/design/trash-dash/reference/main-characters/sprites/trashy-regular-approved.png	docs/design/trash-dash/library/characters/heroes/trashy/sprites/reference/trashy-regular-approved.png	library.characters.heroes.trashy.sprites.reference.trashy-regular-approved	770aa14d05d0e2db32c1948a58a2db5053500bf6c9a23812a81ecc74d2d764d6	canonical-moved	hero-sprites	
docs/design/trash-dash/reference/main-characters/sprites/trashy-regular-approved.png.import			19afe0a18a4f6e074ce2e3c6e473ec21d02c32ac21019fab7cb564209c4c26f6	generated-metadata-removed	metadata	
docs/design/trash-dash/reference/rewards/.DS_Store			64c9e7f23684fd72835c008b1829189d03090446ba88414e006649404df28698	generated-metadata-removed	metadata	
docs/design/trash-dash/reference/rewards/concepts/dumpster-reward-concept-approved.png	docs/design/trash-dash/library/gameplay/rewards/concepts/dumpster-reward-concept-approved.png	library.gameplay.rewards.concepts.dumpster-reward-concept-approved	df29d1fe1f164bf534e6dc32534f83d487830a380e2609ad2fa9fb7cbb99d91a	canonical-moved	reward	
docs/design/trash-dash/reference/rewards/concepts/dumpster-reward-concept-approved.png.import			53b657eb480f13695e80c5844410872e4ff5a733b2d9fa8a047086e5740a8968	generated-metadata-removed	metadata	
docs/design/trash-dash/reference/rewards/sprites/dumpster-reward-sprite-sheet-approved.png	docs/design/trash-dash/library/gameplay/rewards/sprites/dumpster-reward-sprite-sheet-approved.png	library.gameplay.rewards.sprites.dumpster-reward-sprite-sheet-approved	a24870dafe207dbc3c40d05c2b8c678c51b41ddf1f6fd369d61ad7f30e97d91d	canonical-moved	reward	
docs/design/trash-dash/reference/rewards/sprites/dumpster-reward-sprite-sheet-approved.png.import			1a023e917bf3fc12a8510948930db3a48f255cc197da8e0c6ad9b888bf9da0c1	generated-metadata-removed	metadata	
docs/design/trash-dash/reference/ui-powerups/.DS_Store			7ad225dec83a86bb8cd6caa02ad37660c47b5cca508b83bbc15be4a1e64d51b1	generated-metadata-removed	metadata	
docs/design/trash-dash/reference/ui-powerups/concepts/kite-power-concept-directions.png	docs/design/trash-dash/library/interface/concepts/powerup-splashes/kite-power-concept-directions.png	library.interface.concepts.powerup-splashes.kite-power-concept-directions	6db66cd270e32241f2c2008525d6774ad41688cf40542ec032c3bd58f928bac1	canonical-moved	interface-powerup	
docs/design/trash-dash/reference/ui-powerups/concepts/kite-power-concept-directions.png.import			d1c5724903a2db82b71dcab1451c430438132cb2066f92ecfa5fdf1dd43bf191	generated-metadata-removed	metadata	
docs/design/trash-dash/reference/ui-powerups/concepts/taco-power-concept-directions.png	docs/design/trash-dash/library/interface/concepts/powerup-splashes/taco-power-concept-directions.png	library.interface.concepts.powerup-splashes.taco-power-concept-directions	729df31053bb9058e3b843d64c46cb2f9a24e7e60d3d3f516ccbf6b195c51464	canonical-moved	interface-powerup	
docs/design/trash-dash/reference/ui-powerups/concepts/taco-power-concept-directions.png.import			ccdc583eeb49fa9c9ff5835b3117be58d3b515a8116ccb97243062d8a0b231f3	generated-metadata-removed	metadata	
docs/design/trash-dash/reference/ui-powerups/sprites/kite-power-splash-sprite-sheet-approved.png	docs/design/trash-dash/library/interface/source-sheets/powerup-splashes/kite-power-splash-sprite-sheet-approved.png	library.interface.source-sheets.powerup-splashes.kite-power-splash-sprite-sheet-approved	da001894fc3046e70805e067bd08efeaa5f46f74c39a1ff5e902582f7a37c5a4	canonical-moved	interface-powerup	
docs/design/trash-dash/reference/ui-powerups/sprites/kite-power-splash-sprite-sheet-approved.png.import			81c8c9648e4b00cd49a7ebdcda42501cb384479ec3e142d09b7532740e199770	generated-metadata-removed	metadata	
docs/design/trash-dash/reference/ui-powerups/sprites/taco-power-splash-sprite-sheet-approved.png	docs/design/trash-dash/library/interface/source-sheets/powerup-splashes/taco-power-splash-sprite-sheet-approved.png	library.interface.source-sheets.powerup-splashes.taco-power-splash-sprite-sheet-approved	649e580904cdd05a2a830ef6e6bf4d9f053e574966554dfc6c86ab1a037253ce	canonical-moved	interface-powerup	
docs/design/trash-dash/reference/ui-powerups/sprites/taco-power-splash-sprite-sheet-approved.png.import			c8ce49c0375af3fbee328696b0e3c5ddcbf8c585783fa5250c016bcd2e17bb55	generated-metadata-removed	metadata	
docs/design/trash-dash/ui-kit/trash-dash-hd-remake-ui-kit-codex-handoff-v0.3/AGENTS_UI_KIT_SNIPPET.md	docs/design/trash-dash/packages/ui-kit/trash-dash-hd-remake-ui-kit-codex-handoff-v0.3/AGENTS_UI_KIT_SNIPPET.md		beb456431debd641b113c9024e6a1483b5edc7a29c8062492a2f4592fb6a71f3	package-preserved	package-ui-kit	
docs/design/trash-dash/ui-kit/trash-dash-hd-remake-ui-kit-codex-handoff-v0.3/CODEX_IMPORT_PROMPT.md	docs/design/trash-dash/packages/ui-kit/trash-dash-hd-remake-ui-kit-codex-handoff-v0.3/CODEX_IMPORT_PROMPT.md		1ba46f0f0d9606e202174e29f94b472df071852f27df6236ec722384d44178cd	package-preserved	package-ui-kit	
docs/design/trash-dash/ui-kit/trash-dash-hd-remake-ui-kit-codex-handoff-v0.3/README.md	docs/design/trash-dash/packages/ui-kit/trash-dash-hd-remake-ui-kit-codex-handoff-v0.3/README.md		ad2711ac7ea3fa3c80e6df37e52e673495d33d8f62bf44b1839883a64ab23d5c	package-preserved	package-ui-kit	
docs/design/trash-dash/ui-kit/trash-dash-hd-remake-ui-kit-codex-handoff-v0.3/contracts/ui-kit.types.ts	docs/design/trash-dash/packages/ui-kit/trash-dash-hd-remake-ui-kit-codex-handoff-v0.3/contracts/ui-kit.types.ts		cb1441d96254f21d79b4c3584b2466cb4a0737149f76ea78613ea56a765c32c1	package-preserved	package-ui-kit	
docs/design/trash-dash/ui-kit/trash-dash-hd-remake-ui-kit-codex-handoff-v0.3/docs/APPROVAL_AND_AUTHORITY.md	docs/design/trash-dash/packages/ui-kit/trash-dash-hd-remake-ui-kit-codex-handoff-v0.3/docs/APPROVAL_AND_AUTHORITY.md		9a73a8406b727f9933263686e3786551bb2e3e0a71a00773cad4c497ec244148	package-preserved	package-ui-kit	
docs/design/trash-dash/ui-kit/trash-dash-hd-remake-ui-kit-codex-handoff-v0.3/docs/ASSET_CATALOG.md	docs/design/trash-dash/packages/ui-kit/trash-dash-hd-remake-ui-kit-codex-handoff-v0.3/docs/ASSET_CATALOG.md		14899105ed05117aefc55a3893368b780042b733d844133f07e09388c39cca69	package-preserved	package-ui-kit	
docs/design/trash-dash/ui-kit/trash-dash-hd-remake-ui-kit-codex-handoff-v0.3/docs/ASSET_EXTRACTION_AND_RUNTIME_USE.md	docs/design/trash-dash/packages/ui-kit/trash-dash-hd-remake-ui-kit-codex-handoff-v0.3/docs/ASSET_EXTRACTION_AND_RUNTIME_USE.md		490ab2b0c0d42e318365d3b39d6cf835c98403d82ed26de91be232242c18df29	package-preserved	package-ui-kit	
docs/design/trash-dash/ui-kit/trash-dash-hd-remake-ui-kit-codex-handoff-v0.3/docs/COMPONENTS.md	docs/design/trash-dash/packages/ui-kit/trash-dash-hd-remake-ui-kit-codex-handoff-v0.3/docs/COMPONENTS.md		be8e5a1f61241c90367a25a0782359be98e2e1b1a131c08d753251d0490fd21a	package-preserved	package-ui-kit	
docs/design/trash-dash/ui-kit/trash-dash-hd-remake-ui-kit-codex-handoff-v0.3/docs/IMPLEMENTATION.md	docs/design/trash-dash/packages/ui-kit/trash-dash-hd-remake-ui-kit-codex-handoff-v0.3/docs/IMPLEMENTATION.md		e24339f8043bfa7884a2932e6f57024b0eef054364f9cee7c403ee8614b221a6	package-preserved	package-ui-kit	
docs/design/trash-dash/ui-kit/trash-dash-hd-remake-ui-kit-codex-handoff-v0.3/docs/MOTION.md	docs/design/trash-dash/packages/ui-kit/trash-dash-hd-remake-ui-kit-codex-handoff-v0.3/docs/MOTION.md		712cbb02e620fd34a91ca001a5f93efe1326512e7240e59240a82d29441d65f2	package-preserved	package-ui-kit	
docs/design/trash-dash/ui-kit/trash-dash-hd-remake-ui-kit-codex-handoff-v0.3/docs/UI_KIT_BRIEF.md	docs/design/trash-dash/packages/ui-kit/trash-dash-hd-remake-ui-kit-codex-handoff-v0.3/docs/UI_KIT_BRIEF.md		d4b6bb24496eef6a1862e562cd7fbc40a54c5f8177207aabc6c5ff0b06cb1975	package-preserved	package-ui-kit	
docs/design/trash-dash/ui-kit/trash-dash-hd-remake-ui-kit-codex-handoff-v0.3/manifests/APPROVAL_STATUS.tsv	docs/design/trash-dash/packages/ui-kit/trash-dash-hd-remake-ui-kit-codex-handoff-v0.3/manifests/APPROVAL_STATUS.tsv		c3a32864386b9444d701925d4df6f22e01b18e46bbd655260bc50109ea6d3909	package-preserved	package-ui-kit	
docs/design/trash-dash/ui-kit/trash-dash-hd-remake-ui-kit-codex-handoff-v0.3/manifests/APPROVED_FILES.txt	docs/design/trash-dash/packages/ui-kit/trash-dash-hd-remake-ui-kit-codex-handoff-v0.3/manifests/APPROVED_FILES.txt		91a97cabf0ba898d7b5dddf1dc4109dae446e16f8b61155b8b2c1a93bc984a8d	package-preserved	package-ui-kit	
docs/design/trash-dash/ui-kit/trash-dash-hd-remake-ui-kit-codex-handoff-v0.3/manifests/SHA256SUMS.txt	docs/design/trash-dash/packages/ui-kit/trash-dash-hd-remake-ui-kit-codex-handoff-v0.3/manifests/SHA256SUMS.txt		6fcb6a039ee23843a6bf7fb583025b75a2429adf0dfbf6239114a4999986cd3b	package-preserved	package-ui-kit	
docs/design/trash-dash/ui-kit/trash-dash-hd-remake-ui-kit-codex-handoff-v0.3/manifests/asset-manifest.json	docs/design/trash-dash/packages/ui-kit/trash-dash-hd-remake-ui-kit-codex-handoff-v0.3/manifests/asset-manifest.json		2bb66ca69a31c33259baa208fd3acd887f9ec9f68b21345ba810fe8fc07d8446	package-preserved	package-ui-kit	
docs/design/trash-dash/ui-kit/trash-dash-hd-remake-ui-kit-codex-handoff-v0.3/manifests/sprite-regions.json	docs/design/trash-dash/packages/ui-kit/trash-dash-hd-remake-ui-kit-codex-handoff-v0.3/manifests/sprite-regions.json		0b692756a77908190b8661977445f945fcde9ff5bc662777bf95eb79b2f765fd	package-preserved	package-ui-kit	
docs/design/trash-dash/ui-kit/trash-dash-hd-remake-ui-kit-codex-handoff-v0.3/reference/concept-boards/00-overall-ui-kit.png	docs/design/trash-dash/packages/ui-kit/trash-dash-hd-remake-ui-kit-codex-handoff-v0.3/reference/concept-boards/00-overall-ui-kit.png		ac7ac68d61b008b9a354439fdf0ef768a15af3d7f124fa4a05b53cdab2fbf1f5	package-preserved	package-ui-kit	
docs/design/trash-dash/ui-kit/trash-dash-hd-remake-ui-kit-codex-handoff-v0.3/reference/concept-boards/00-overall-ui-kit.png.import			dd491ed54e7e5615d66d792c6721c3b2b7d2aa4c47845453664b3282b0db6197	generated-metadata-removed	metadata	
docs/design/trash-dash/ui-kit/trash-dash-hd-remake-ui-kit-codex-handoff-v0.3/reference/concept-boards/01-buttons-tabs.png	docs/design/trash-dash/packages/ui-kit/trash-dash-hd-remake-ui-kit-codex-handoff-v0.3/reference/concept-boards/01-buttons-tabs.png		091e3a0b9359829bcefc17106e23e3ab2d9fdd439342dc6b6e4907162259bb83	package-preserved	package-ui-kit	
docs/design/trash-dash/ui-kit/trash-dash-hd-remake-ui-kit-codex-handoff-v0.3/reference/concept-boards/01-buttons-tabs.png.import			fa5095651e1f5b341a79e1417d2e14eae438ec57a26412ef2c6fe6c6ba3fde97	generated-metadata-removed	metadata	
docs/design/trash-dash/ui-kit/trash-dash-hd-remake-ui-kit-codex-handoff-v0.3/reference/concept-boards/02-panels-containers.png	docs/design/trash-dash/packages/ui-kit/trash-dash-hd-remake-ui-kit-codex-handoff-v0.3/reference/concept-boards/02-panels-containers.png		957d2811aeff76b0371730fcfa1c94d138f28bb9a9961d471ccf431c024a4a75	package-preserved	package-ui-kit	
docs/design/trash-dash/ui-kit/trash-dash-hd-remake-ui-kit-codex-handoff-v0.3/reference/concept-boards/02-panels-containers.png.import			72e8c221331b3534fa082019ab27f9b610bddb42b4bcefc60272548a20d86d43	generated-metadata-removed	metadata	
docs/design/trash-dash/ui-kit/trash-dash-hd-remake-ui-kit-codex-handoff-v0.3/reference/concept-boards/03-hud-notifications-alerts.png	docs/design/trash-dash/packages/ui-kit/trash-dash-hd-remake-ui-kit-codex-handoff-v0.3/reference/concept-boards/03-hud-notifications-alerts.png		7b1d4728374685cc45fa179b215c3c8eb15175610597cb17ac5526b3755fa681	package-preserved	package-ui-kit	
docs/design/trash-dash/ui-kit/trash-dash-hd-remake-ui-kit-codex-handoff-v0.3/reference/concept-boards/03-hud-notifications-alerts.png.import			c93efc1874144a005b4aa704244032cd5119b1110331cba6783c3e9ad15658db	generated-metadata-removed	metadata	
docs/design/trash-dash/ui-kit/trash-dash-hd-remake-ui-kit-codex-handoff-v0.3/reference/concept-boards/04-results-character-select.png	docs/design/trash-dash/packages/ui-kit/trash-dash-hd-remake-ui-kit-codex-handoff-v0.3/reference/concept-boards/04-results-character-select.png		5d225638f0f69f1ad5c6f326d46d9aad55055462ee2e5c380640f03806ed217d	package-preserved	package-ui-kit	
docs/design/trash-dash/ui-kit/trash-dash-hd-remake-ui-kit-codex-handoff-v0.3/reference/concept-boards/04-results-character-select.png.import			fb5d3b38bae19dcb540bcfdf56a6a77cfb1fd2e83bfeabcff2facede52d8d6ec	generated-metadata-removed	metadata	
docs/design/trash-dash/ui-kit/trash-dash-hd-remake-ui-kit-codex-handoff-v0.3/reference/motion/ui-motion-reference.png	docs/design/trash-dash/packages/ui-kit/trash-dash-hd-remake-ui-kit-codex-handoff-v0.3/reference/motion/ui-motion-reference.png		c99623cee6dad7c945b8110392d9ab5de1ce0fd317cc670b13076fe73fa924a9	package-preserved	package-ui-kit	
docs/design/trash-dash/ui-kit/trash-dash-hd-remake-ui-kit-codex-handoff-v0.3/reference/motion/ui-motion-reference.png.import			eac840116468922282c835e10a18e7222315513c2dea6bf4d03f929cf77df9c6	generated-metadata-removed	metadata	
docs/design/trash-dash/ui-kit/trash-dash-hd-remake-ui-kit-codex-handoff-v0.3/source-sheets/phase-01-buttons-tabs.png	docs/design/trash-dash/packages/ui-kit/trash-dash-hd-remake-ui-kit-codex-handoff-v0.3/source-sheets/phase-01-buttons-tabs.png		c6b986000df38ff0118f1e3b57670db9b5ec6d2b4e2f5b07a4ef0011b25b68a7	package-preserved	package-ui-kit	
docs/design/trash-dash/ui-kit/trash-dash-hd-remake-ui-kit-codex-handoff-v0.3/source-sheets/phase-01-buttons-tabs.png.import			2da008a5a47eb666b0de6c9a92fc7c85586cb924bbe7470afef632a659e0eb69	generated-metadata-removed	metadata	
docs/design/trash-dash/ui-kit/trash-dash-hd-remake-ui-kit-codex-handoff-v0.3/source-sheets/phase-02-panels-containers.png	docs/design/trash-dash/packages/ui-kit/trash-dash-hd-remake-ui-kit-codex-handoff-v0.3/source-sheets/phase-02-panels-containers.png		e350c7f6950b0171f21fed58bb56a12fc24ab00a0c8f23251fff4bfd6ef29eaa	package-preserved	package-ui-kit	
docs/design/trash-dash/ui-kit/trash-dash-hd-remake-ui-kit-codex-handoff-v0.3/source-sheets/phase-02-panels-containers.png.import			e3095c8f268291c5e9a49ceb202250ccb80fcfc291314ce608a0d85280cb18f2	generated-metadata-removed	metadata	
docs/design/trash-dash/ui-kit/trash-dash-hd-remake-ui-kit-codex-handoff-v0.3/source-sheets/phase-03-hud-notifications-alerts.png	docs/design/trash-dash/packages/ui-kit/trash-dash-hd-remake-ui-kit-codex-handoff-v0.3/source-sheets/phase-03-hud-notifications-alerts.png		9d4803f0ae03f15c65182bffb5699bf4aa57c3c1a39d92464fe498432a96e073	package-preserved	package-ui-kit	
docs/design/trash-dash/ui-kit/trash-dash-hd-remake-ui-kit-codex-handoff-v0.3/source-sheets/phase-03-hud-notifications-alerts.png.import			77375c051a9e2e48b706f6e5d549a6df6b14cd3c8ba88f7488844554f4c3eda1	generated-metadata-removed	metadata	
docs/design/trash-dash/ui-kit/trash-dash-hd-remake-ui-kit-codex-handoff-v0.3/source-sheets/phase-04-results-character-select.png	docs/design/trash-dash/packages/ui-kit/trash-dash-hd-remake-ui-kit-codex-handoff-v0.3/source-sheets/phase-04-results-character-select.png		66314728decd03cdbc0fb55870ad4ef8db91d2f269cfda198bd0df5e0308dc3c	package-preserved	package-ui-kit	
docs/design/trash-dash/ui-kit/trash-dash-hd-remake-ui-kit-codex-handoff-v0.3/source-sheets/phase-04-results-character-select.png.import			59c2e642eeb571f32c0ea27a65d4c00d3703b41d0ee196940cf3f8475ec95f64	generated-metadata-removed	metadata	
docs/design/trash-dash/ui-kit/trash-dash-hd-remake-ui-kit-codex-handoff-v0.3/tokens/motion.tokens.json	docs/design/trash-dash/packages/ui-kit/trash-dash-hd-remake-ui-kit-codex-handoff-v0.3/tokens/motion.tokens.json		7b9182f65e488a551e0261f3888898d614043ca3eddbefcdd90f037b12a3b2c3	package-preserved	package-ui-kit	
docs/design/trash-dash/ui-kit/trash-dash-hd-remake-ui-kit-codex-handoff-v0.3/tokens/ui.tokens.json	docs/design/trash-dash/packages/ui-kit/trash-dash-hd-remake-ui-kit-codex-handoff-v0.3/tokens/ui.tokens.json		a24247a30054632a15ae736f8b7889f3c613535e55d66586516a39321720f537	package-preserved	package-ui-kit	
docs/design/trash-dash/ui-kit/trash-dash-hd-remake-ui-kit-codex-handoff-v0.3/tools/extract_ui_sources.py	docs/design/trash-dash/packages/ui-kit/trash-dash-hd-remake-ui-kit-codex-handoff-v0.3/tools/extract_ui_sources.py		7f73d357d6ec5a8ef0d8610afa57d594c91aa6a769e880b54fbff46d98158f6c	package-preserved	package-ui-kit	
docs/design/trash-dash/ui-kit/trash-dash-hd-remake-ui-kit-codex-handoff-v0.3/tools/validate_ui_package.py	docs/design/trash-dash/packages/ui-kit/trash-dash-hd-remake-ui-kit-codex-handoff-v0.3/tools/validate_ui_package.py		defb4524efdfa3d07d9ffd33d1d9089d3d8ef934cc872c89f7193d5bf949d850	package-preserved	package-ui-kit	
docs/design/trash-dash/ui-kit/trash-dash-hd-remake-ui-kit-codex-handoff-v0.3/ui-kit.manifest.json	docs/design/trash-dash/packages/ui-kit/trash-dash-hd-remake-ui-kit-codex-handoff-v0.3/ui-kit.manifest.json		637dc1786cbd20d1ebfb94aef74ba558212365c8732d650318c9736ea63c00f6	package-preserved	package-ui-kit	
